rcn,code,title,language
665159,FETOPEN-RIA-2014-2015,FET-Open research projects,en
664615,INFRAIA-1-2014-2015,Integrating and opening existing national and regional research infrastructures of European interest,en
664613,INFRADEV-4-2014-2015,Implementation and operation of cross-cutting services and solutions for clusters of ESFRI and other relevant research infrastructure initiatives,en
664700,EE-06-2015,Demand response in blocks of buildings,en
664574,SC5-02-2015,ERA for Climate Services,en
664553,MSCA-RISE-2015,Marie SkÅodowska-Curie Research and Innovation Staff Exchange (RISE),en
664990,INSO-1-2015,ICT-enabled open government,en
665086,DRS-14-2015,Critical Infrastructure Protection topic 3: Critical Infrastructure resilience indicator - analysis and development of methods for assessing resilience,en
700051,MSCA-ITN-2016,Innovative Training Networks,en
704413,MSCA-IF-2019,Individual Fellowships,en
700670,IoT-01-2016,Large Scale Pilots,en
700351,LCE-07-2016-2017,Developing the next generation technologies of renewable electricity and heating/cooling,en
700252,GV-03-2016,System and cost optimised hybridisation of road vehicles,en
700218,FTIPilot-01-2016,Fast Track to Innovation Pilot,en
700055,SPIRE-03-2016,Industrial technologies for the valorisation of European bio-resources into high added value process streams,en
700433,ICT-01-2016,Smart Cyber-Physical Systems,en
664846,LCE-02-2015,Developing the next generation technologies of renewable electricity and heating/cooling,en
664986,INT-10-2015,The European Union and integration challenges in the Balkans,en
664610,INFRADEV-1-2014,Design studies,en
664612,INFRADEV-3-2015,Individual implementation and operation of ESFRI projects,en
664845,LCE-02-2014,Developing the next generation technologies of renewable electricity and heating/cooling,en
664847,LCE-03-2014,Demonstration of renewable electricity and heating/cooling technologies,en
664752,BG-01-2015,Improving the preservation and sustainable exploitation of Atlantic marine ecosystems,en
664593,SC5-16-2014,Making Earth Observation and Monitoring Data usable for ecosystem modelling and services,en
704200,ERC-2019-POC,ERC Proof of Concept Grant,en
703139,FETOPEN-03-2018-2019-2020,FET Innovation Launchpad,en
704103,IBA-MSCA-SNLS-2019,MSCA Special Needs Allowance,en
700930,MSCA-IF-2016,Individual Fellowships,en
702209,BBI-2016-D06,Valorisation of the organic content of Municipal Solid Waste and contributing to the renewable circular economy,en
702068,BB-01-2016,Sustainability schemes for the bio-based economy,en
702201,BBI-2016-R08,Emerging technologies for conversion of the organic content of Municipal Solid Waste and improving waste-to-chemicals value chains,en
700267,BB-04-2016,"Intelligent solutions and tools in forest production systems, fostering a sustainable supply of quality wood for the growing bioeconomy",en
700467,ICT-14-2016-2017,Big Data PPP: cross-sectorial and cross-lingual data integration and experimentation,en
700261,JTI-CS2-2015-CFP02-LPA-01-05,Validation of aero-vibro-acoustic model on new aerodynamic configurations.,en
700161,JTI-CS2-2015-CFP02-LPA-03-06,Head Up System integration in next generation cockpits,en
700811,SC1-PM-04-2016,Networking and optimising the use of population and patient cohorts at EU level,en
699996,SMEInst-07-2016-2017,"Stimulating the innovation potential of SMEs for sustainable and competitive agriculture, forestry, agri-food and bio-based sectors",en
702836,INFRAIA-01-2018-2019,Integrating Activities for Advanced Communities,en
701736,ERC-2017-PoC,ERC-Proof of Concept,en
704226,LC-BAT-5-2019,Research and innovation for advanced Li-ion cells (generation 3b),en
704207,IMI2-2018-15-02,Blockchain Enabled Healthcare,en
704197,ERC-2019-SyG,ERC Synergy Grant,en
704198,ERC-2019-STG,ERC Starting Grant,en
704225,LC-BAT-1-2019,"Strongly improved, highly performant and safe all solid state batteries for electric vehicles (RIA)",en
703119,FETOPEN-01-2018-2019-2020,FET-Open Challenging Current Thinking,en
703859,ICT-05-2019,Application driven Photonics components,en
703170,MSCA-RISE-2018,Research and Innovation Staff Exchange,en
703228,MSCA-ITN-2019,Innovative Training Networks,en
703860,ICT-11-2018-2019,HPC and Big Data enabled Large-scale Test-beds and Applications,en
703805,SC1-DTH-01-2019,Big data and Artificial Intelligence for monitoring health status and quality of life after the cancer treatment,en
703654,IMI2-2018-15-06,Digital endpoints in neurodegenerative and immune-mediated diseases,en
703225,MSCA-COFUND-2019,"Co-funding of regional, national and international programmes",en
703315,WF-02-2019,Widening Fellowships,en
703111,SC1-DTH-07-2018,Exploiting the full potential of in-silico medicine research for personalised diagnostics and therapies in cloud-based environments,en
703635,IMI2-2018-15-03,Microenvironment imposed signatures in tissue and liquid biopsies in immune- mediated diseases,en
703834,MIGRATION-03-2019,Social and economic effects of migration in Europe and integration policies,en
703616,ERC-2019-COG,ERC Consolidator Grant,en
703180,CE-SC5-08-2018-2019-2020,Raw materials policy support actions for the circular economy,en
702838,ERC-2018-COG,ERC Consolidator Grant,en
702030,MSCA-IF-2017,Individual Fellowships,en
702104,SFS-34-2017,Innovative agri-food chains: unlocking the potential for competitiveness and sustainability,en
702705,EIC-SMEInst-2018-2020,SME instrument,en
702971,ICT-19-2019,Advanced 5G validation trials across multiple vertical industries,en
703052,DT-ART-01-2018,"Testing, validation and certification procedures for highly automated driving functions under various traffic scenarios based on pilot test data",en
702982,ICT-17-2018,5G End to End Facility,en
702961,ICT-07-2018,Electronic Smart Systems (ESS),en
702993,ICT-23-2019,EU-Taiwan 5G collaboration,en
703019,LC-MG-1-7-2019,Future propulsion and integration: towards a hybrid/electric aircraft (InCo flagship),en
702935,DT-SPIRE-06-2019,Digital technologies for improved performance in cognitive production plants (IA),en
703007,LC-MG-1-9-2019,Upgrading transport infrastructure in order to monitor noise and emissions,en
702870,CE-SFS-25-2018,Integrated system innovation in valorising urban biowaste,en
702921,DT-FOF-03-2018,Innovative manufacturing of opto-electrical parts (RIA),en
701840,DS-08-2017,"Cybersecurity PPP: Privacy, Data Protection, Digital Identities",en
701907,MSCA-RISE-2017,Research and Innovation Staff Exchange,en
701930,MG-8-4-2017,"Improving accessibility, inclusive mobility and equity: new tools and business models for public transport in prioritised areas",en
701897,ICT-30-2017,Photonics KET 2017,en
701902,ART-02-2016,Automation pilots for passenger cars,en
702040,ICT-08-2017,5G PPP Convergent Technologies,en
701801,NMBP-05-2017,Advanced materials and innovative design for improved functionality and aesthetics in high added value consumer goods,en
701764,EEB-05-2017,Development of near zero energy building renovation,en
702039,ICT-07-2017,5G PPP Research and Validation of critical technologies and systems,en
701788,SEC-20-BES-2016,Border Security: autonomous systems and control systems,en
702200,BBI-2016-R07,Biopolymers with advanced functionalities for high performance applications,en
702202,BBI-2016-R09,"Exploiting algae and other aquatic biomass for production of molecules for pharma, nutraceuticals, food additives and cosmetic applications",en
701923,MG-3.5-2016,Behavioural aspects for safer transport,en
701799,NMBP-20-2017,High-performance materials for optimizing carbon dioxide capture,en
701893,ICT-19-2017,Media and content convergence,en
700553,ICT-13-2016,Future Internet Experimentation - Building a European experimental Infrastructure,en
700498,GV-12-2016,ERA-NET Co-fund on electromobility,en
700445,NMBP-21-2016,ERA-NET on manufacturing technologies supporting industry and particularly SMEs in the global competition,en
700803,INFRAIA-01-2016-2017,Integrating Activities for Advanced Communities,en
700496,ART-06-2016,Coordination of activities in support of road automation,en
700786,SC1-PM-22-2016,Addressing the urgent research gaps against the Zika virus and other emerging threats in Latin America,en
700081,NMBP-08-2016,Affordable weight reduction of high-volume vehicles and components taking into account the entire life-cycle,en
700024,SMEInst-12-2016-2017,"New business models for inclusive, innovative and reflective societies",en
700813,SC1-PM-09-2016,New therapies for chronic diseases,en
700842,NMBP-11-2016,ERA-NET on Nanomedicine,en
700831,FETOPEN-01-2016-2017,FET-Open research and innovation actions,en
700814,SC1-PM-05-2016,The European Human Biomonitoring Initiative,en
700089,FCH-03.1-2015,Large scale demonstration of Hydrogen Refuelling Stations and FCEV road vehicles - including buses and on site electrolysis,en
700395,FETPROACT-01-2016,FET Proactive: emerging themes and communities,en
700383,ERC-2016-STG,ERC Starting Grant,en
665224,INNOSUP-3-2014,IPorta 2,en
665248,Environment,H2020-Adhoc-2014-20,en
665461,ERC-CoG-2015,ERC Consolidator Grant,en
665457,MSCA-ITN-2015-ETN,Marie SkÅodowska-Curie Innovative Training Networks (ITN-ETN),en
701899,ICT-32-2017,Startup Europe for Growth and Innovation Radar,en
700122,BBI.VC2.D2-2015,Innovative cellulose-based composite packaging solutions,en
700118,EEB-04-2016,New technologies and strategies for the development of pre-fabricated elements through the reuse and recycling of construction materials and structures,en
702126,INNOSUP-07-2017,Innovating SMEs - segmentation along lifecycle and sectors (analytical research activity),en
669216,ECSEL-15-2015,"Semicondutor Process, Equipment and Materials",en
665218,HCO-13-2015,ERA-NET:  Cardiovascular disease,en
665454,HCO-17-2015,Towards sustainability and globalisation of the Joint Programming Initiative on Neurodegenerative Diseases,en
665453,MG-1.10-2015,International cooperation in aeronautics with China,en
665121,BES-10-2015,Information management topic 1: Civilian humanitarian mission personnel tracking,en
664843,ISIB-12f-2015,Biomarkers for nutrition and health,en
665026,NMP-26-2014,Joint EU & MS activity on the next phase of research in support of regulation 'NANOREG II',en
665014,NMP-14-2015,ERA-NET on Materials (including Materials for Energy),en
664976,INT-01-2015,"Enhancing and focusing research and innovation cooperation with the Unionâs key international partner countries - proposals targeting Australia, USA, Brazil, South Africa, Ukraine",en
664918,MG-8.4a-2015,"Smart governance, network resilience and streamlined delivery of infrastructure innovation",en
664607,MSCA-ITN-2014-EID,Marie SkÅodowska-Curie Innovative Training Networks (ITN-EID),en
664865,LCE-15-2015,Enabling decarbonisation of the fossil fuel-based power sector and energy intensive industry through CCS,en
664851,LCE-05-2015,Innovation and technologies for the deployment of meshed off-shore grids,en
664552,MSCA-IF-2015-EF,Marie SkÅodowska-Curie Individual Fellowships (IF-EF),en
664812,ICT-27-2015,Photonics KET,en
664810,ICT-25-2015,Generic micro- and nano-electronic technologies,en
664793,ICT-08-2015,Boosting public sector productivity and innovation through cloud computing services,en
664751,SFS-20-2015,Sustainable food chains through public policies: the cases of the EU quality policy and of public sector food procurement,en
665173,PHC-04-2015,Health promotion and disease prevention: improved inter-sector co-operation for environment and health based interventions,en
665003,NMP-03-2015,Manufacturing and control of nanoporous materials,en
664783,ERC-StG-2014,ERC Starting Grant,en
664900,MG-3.6a-2015,Safe and connected automation in road transport,en
664594,SC5-17-2015,Demonstrating the concept of 'Citizen Observatories',en
665156,GARRI-7-2014,Science with and for Society National Contact Points (NCPs) in H2020,en
664656,COMPET-11-2014,Transnational and international cooperation among NCPs,en
664809,ICT-24-2015,Robotics,en
665204,PHC-33-2015,New approaches to improve predictive human safety testing,en
664705,EE-13-2015,Technology for district heating and cooling,en
664625,EINFRA-9-2015,e-Infrastructures for virtual research environments (VRE),en
665192,PHC-21-2015,Advancing active and healthy ageing with ICT: Early risk detection and intervention,en
665171,PHC-02-2015,Understanding disease: systems medicine,en
665081,DRS-09-2015,"Disaster Resilience & Climate Change topic 1: Science and innovation for adaptation to climate change: from assessing costs, risks and opportunities to demonstration of options and practices",en
665072,DRS-01-2015,Crisis management topic 1: potential of current and new measures and technologies to respond to extreme weather and climate events,en
664932,GV-8-2015,Electric vehiclesâ enhanced performance and integration into the transport system and the grid,en
700077,NMBP-32-2016,Support for National Contact Points,en
704591,JTI-CS2-2019-CFP10-THT-08,Experimental and numerical noise assessment of distributed propulsion configurations,en
704419,LC-SC3-RES-2-2018,Disruptive innovation in clean energy technologies,en
704384,LC-MG-1-5-2019,Advancements in aerodynamics and innovative propulsion systems for quieter and greener aircrafts,en
704519,MSCA-IF-2018,Individual Fellowships,en
704383,MG-2-8-2019,Innovative applications of drones for ensuring safety in transport,en
704442,NFRP-2018-5,"Development of a roadmap for decommissioning research aiming at safety improvement, environmental impact minimisation and cost reduction",en
700658,ICT-26-2016,"System abilities, development and pilot installations",en
700614,LCE-01-2016-2017,"Next generation innovative technologies enabling smart grids, storage and energy system integration with increasing share of renewables: distribution network",en
700610,SCC-1-2016-2017,Smart Cities and Communities lighthouse projects,en
700149,BBI.VC2.R6-2015,Sustainable cellulose-based materials,en
705326,IBA-SC5-IRP-2020,International Resource Panel (IRP) Secretariat,en
705065,IBA-SEWP-WIRE-11-2020,WIRE XI Conference,en
705325,IBA-SC5-Portugal-2020,"Presidency event (conference): ''Climate action, environment, resource efficiency and raw materials' â Portugal,  2021",en
705071,IBA-SC1-Presidency-2020,Presidency events â Innovation for better ageing,en
704142,BBI.2018.SO3.R10,Develop bio-based packaging products that are biodegradable/ compostable and/or recyclable,en
704249,SESAR-IR-VLD-WAVE2-02-2019,PJ.20 W2 Master Planning,en
704252,SESAR-IR-VLD-WAVE2-01-2019,"PJ.19 W2 Content Integration, Performance Management and Business Case Development",en
704275,FCH-03-1-2019,H2 Valley,en
704245,SESAR-IR-VLD-WAVE2-10-2019,PJ.10 W2 Separation Management and Controller Tools,en
704099,H2020-EEN-SGA4,H2020 ENTREPRISE EUROPE NETWORK SGA4 2020-2021,en
704150,BBI.2018.SO2.R2,Develop techniques and systems to improve the performance of biocatalysts,en
704242,SESAR-IR-VLD-WAVE2-07-2019,PJ.09 W2 Digital Network Management Services,en
703430,JTI-CS2-2017-CfP07-REG-01-14,Full scale innovative composite pax and cargo floor grids for Regional Aircraft Fuselage barrel on-ground demonstrators,en
703194,INFRAEOSC-04-2018,Connecting ESFRI infrastructures through Cluster projects,en
703519,ECSEL-2018-1-IA,ECSEL-2018-1-IA,en
703131,SC1-DTH-11-2019,Large Scale pilots of personalised & outcome based integrated care,en
703407,JTI-CS2-2017-CfP07-AIR-02-54,"""Seals for FTB#2 Wing with Additive Manufacturing Technologies""",en
703108,SC1-BHC-28-2019,The Human Exposome Project: a toolbox for assessing and addressing the impact of environment on health,en
704044,IBA-EURATOM-DONES-2019,Support for the preparatory phase for the DEMO Orientated Early Neutron Source IFMIF/DONES,en
704063,FCH-01-2-2019,Scaling up and demonstration of a multi-MW Fuel Cell system for shipping,en
703267,LC-SC3-ES-4-2018-2020,Decarbonising energy systems of geographical Islands,en
702840,RUR-01-2018-2019,Building modern rural policies on long-term visions and societal engagement,en
703784,MG-3-3-2018,"Driver behaviour and acceptance of connected, cooperative and automated transport",en
703271,LC-SC3-SCC-1-2018-2019-2020,Smart Cities and Communities,en
703202,SwafS-05-2018-2019,Grounding RRI practices in research and innovation funding and performing organisations,en
703772,ICT-13-2018-2019,Supporting the emergence of data markets and the data economy,en
703229,MSCA-RISE-2019,Research and Innovation Staff Exchange,en
703925,SPACE-10-TEC-2018-2020,Technologies for European non-dependence and competitiveness,en
703804,SC1-DTH-09-2019,Scaling up the univocal Identification of Medicinal Products,en
703810,LC-CLA-04-2018,Resilience and sustainable reconstruction of historic areas to cope with climate change and hazard events,en
703097,MSCA-NIGHT-2018,European Researchers' Night,en
703798,SC1-BHC-16-2018,Global Alliance for Chronic Diseases (GACD) - Scaling-up of evidence-based health interventions at population level for the prevention and management of hypertension and/or diabetes,en
703771,ICT-12-2018-2020,Big Data technologies and extreme-scale analytics,en
703660,SC1-BHC-30-2019,Towards risk-based screening strategies for non-communicable diseases,en
703191,INFRAEOSC-05-2018-2019,Support to the EOSC Governance,en
702016,LCE-06-2017,New knowledge and technologies,en
702355,IMI2-2016-10-08,Personalised medicine approaches in autism spectrum disorders,en
702739,CS2-GAM-2018-SYS,Systems,en
703076,SC1-BHC-14-2019,"Stratified host-directed approaches to improve prevention, treatment and/or cure of infectious diseases",en
703081,SC1-BHC-25-2019,Demonstration pilots for implementation of personalised medicine in healthcare,en
703066,SC1-BHC-01-2019,Understanding causative mechanisms in co- and multimorbidities combining mental and non-mental disorders,en
703055,DT-ART-04-2019,"Developing and testing shared, connected and cooperative automated vehicle fleets in urban areas for the mobility of all",en
702960,ICT-06-2019,Unconventional Nanoelectronics,en
702928,CE-BIOTEC-04-2018,New biotechnologies for environmental remediation (RIA),en
701881,CULT-COOP-01-2017,Democratic discourses and the rule of law,en
702866,LC-SFS-19-2018-2019,Climate-smart and resilient farming,en
702943,DT-ICT-01-2019,Smart Anything Everywhere,en
702844,CE-RUR-10-2019,Circular bio-based business models for rural communities,en
702843,INFRASUPP-01-2018-2019,Policy and international cooperation measures for research infrastructures,en
702891,DT-NMBP-12-2019,Sustainable Nano-Fabrication (CSA),en
702766,MSCA-ITN-2018,Innovative Training Networks,en
702793,ERC-2018-STG,ERC Starting Grant,en
702796,ERC-2018-PoC,ERC Proof of Concept Grant,en
702038,ICT-05-2017,Customised and low energy computing (including Low power processor technologies),en
701951,INFRADEV-01-2017,Design Studies,en
701987,SC1-PM-07-2017,Promoting mental health and well-being in the young,en
702225,IMI2-2016-09-03,DATA QUALITY IN PRECLINICAL RESEARCH AND DEVELOPMENT,en
701941,GV-10-2017,Demonstration (pilots) for integration of electrified L-category vehicles in the urban transport system,en
701950,MSCA-ITN-2017,Innovative Training Networks,en
702313,GV-13-2017,Production of next generation battery cells in Europe for transport applications,en
702028,SC1-PM-17-2017,Personalised computer models and in-silico systems for well-being,en
701898,ICT-31-2017,Micro- and nanoelectronics technologies,en
702026,SC1-PM-15-2017,Personalised coaching for well-being and care of people as they age,en
702302,SC1-HCO-17-2017,Support for large scale uptake of Digital Innovation for Active and Healthy Ageing,en
702309,NMBP-37-2017,Mapping a path to future supply chains,en
701833,SPIRE-07-2017,"Integrated approach to process optimisation for raw material resources efficiency, excluding recovery technologies of waste streams",en
701848,CO-CREATION-06-2017,"Policy-development in the age of big data: data-driven policy-making, policy-modelling and policy-implementation",en
702273,JTI-CS2-2016-CFP04-SYS-02-22,Validation tests of electromechanical actuators and its dedicated control units at TRL 6 level,en
701924,MG-6.1-2016,"Innovative concepts, systems and services towards 'mobility as a service'",en
701828,FOF-07-2017,Integration of unconventional technologies for multi-material processing into manufacturing systems,en
702017,EE-14-2016-2017,Construction skills,en
702033,FETHPC-01-2016,Co-design of HPC systems and applications,en
701809,BIOTEC-05-2017,Microbial platforms for CO2-reuse processes in the low-carbon economy,en
701739,ERC-2017-COG,ERC Consolidator Grant,en
702199,BBI-2016-R05,Advanced biomaterials for smart food packaging,en
702048,IMI2-2015-06-04,Development of an outcomes-focused data platform to empower policy makers and clinicians to optimize care for patients with hematologic malignancies,en
701770,CIP-01-2016-2017,"Prevention, detection, response and mitigation of the combination of physical and cyber threats to the critical infrastructure of Europe.",en
702192,ECSEL-2016-2,ECSEL Key Applications and Essential Technologies (IA),en
701776,SEC-07-FCT-2016-2017,"Human Factor for the Prevention, Investigation, and Mitigation of criminal and terrorist acts",en
701913,MSCA-COFUND-2016,"Co-funding of regional, national and international programmes",en
701916,MG-4.5-2016,New ways of supporting development and implementation of neighbourhood-level and urban-district-level transport innovations,en
702163,IMI2-2015-07-06,COORDINATION AND SUPPORT ACTIONS (CSA) FOR THE BIG DATA FOR BETTER OUTCOMES PROGRAMME,en
701948,EINFRA-21-2017,Platform-driven e-infrastructure innovation,en
701982,EE-24-2016-2017,Making the energy efficiency market investible,en
701839,DS-02-2016,"Cyber Security for SMEs, local public administration and Individuals",en
701970,INNOSUP-01-2016-2017,Cluster facilitated projects for new industrial value chains,en
701782,SEC-16-BES-2017,"Through-foliage detection, including in the outermost regions of the EU",en
701872,SwafS-03-2016-2017,Support to research organisations to implement gender equality plans,en
702078,SFS-38-2016,"Impulsivity and compulsivity and the link with nutrition, lifestyle and the socio-economic environment",en
701687,INNOSUP-02-2016,European SME innovation Associate - pilot,en
702190,ECSEL-2016-1,ECSEL Key Applications and Essential technologies (RIA),en
701967,SC5-01-2016-2017,Exploiting the added value of climate services,en
701921,MG-5.1-2016,Networked and efficient logistics clusters,en
701827,FOF-06-2017,New product functionalities through advanced surface manufacturing processes for mass production,en
701800,NMBP-04-2017,Architectured /Advanced material concepts for intelligent bulk material structures,en
701775,SEC-06-FCT-2016,Developing a comprehensive approach to violent radicalization in the EU from early understanding to improving protection,en
701735,ERC-2017-STG,ERC Starting Grant,en
701738,ERC-2017-ADG,ERC Advanced Grant,en
702424,SGA-FET-GRAPHENE-2017,Graphene FET Flagship core project,en
701938,MG-2.3-2016,New and improved transport concepts in waterborne transport,en
702103,SFS-31-2016,Farming for tomorrow - developing an enabling environment for resilient and sustainable agricultural systems,en
701737,ERC-2016-ADG,ERC Advanced Grant,en
702061,RUR-07-2016,Resource-efficient and profitable industrial crops on marginal land,en
700837,INFRADEV-02-2016,Preparatory Phase and support to early phase of ESFRI projects,en
700379,LCE-31-2016-2017,Social Sciences and Humanities Support for the Energy Union,en
700355,RUR-10-2016-2017,Thematic Networks compiling knowledge ready for practice,en
700507,INNOSUP-05-2016-2017,Peer learning of innovation agencies,en
700804,SC1-PM-11-2016-2017,Clinical research on regenerative medicine,en
700800,ERC-2016-COG,ERC Consolidator Grant,en
700210,ERC-PoC-2016,ERC-Proof of Concept-2016,en
700799,INFRADEV-03-2016-2017,Individual support to ESFRI and other world-class research infrastructures,en
700023,SMEInst-11-2016-2017,"Boosting the potential of small businesses in the areas of climate action, environment, resource efficiency and raw materials",en
700802,INFRAINNOV-02-2016,Support to Technological Infrastructures,en
700009,SMEInst-01-2016-2017,Open Disruptive Innovation Scheme,en
700815,SC1-PM-21-2016,Implementation research for scaling-up of evidence based innovations and good practice in Europe and low- and middle-income countries,en
700840,INFRADEV-04-2016,European Open Science Cloud for Research,en
700460,SFS-24-2016,Reinforcing international cooperation on sustainable aquaculture production with countries from South-East Asia,en
700664,MSCA-RISE-2016,Research and Innovation Staff Exchange,en
700616,ICT-25-2016-2017,Advanced robot capabilities research and take-up,en
700612,LCE-02-2016,"Demonstration of smart grid, storage and system integration technologies with increasing share of renewables: distribution system",en
700286,EE-07-2016-2017,Behavioural change toward energy efficiency through ICT,en
700245,REV-INEQUAL-07-2016,"Spatial justice, social cohesion and territorial inequalities",en
700020,SMEInst-10-2016-2017,Small business innovation research for Transport and Smart Cities Mobility,en
700006,SMEInst-09-2016-2017,Stimulating the innovation potential of SMEs for a low carbon and efficient energy system,en
699995,SMEInst-05-2016-2017,Supporting innovative SMEs in the healthcare biotechnology sector,en
699992,SMEInst-02-2016-2017,Accelerating the uptake of nanotechnologies advanced materials or advanced manufacturing and processing technologies by SMEs,en
700413,BG-02-2016-2017,High value-added specialised vessel concepts enabling more efficient servicing of emerging coastal and offshore activities,en
701969,SC1-PM-03-2017,Diagnostic characterisation of rare diseases,en
701989,SC1-PM-10-2017,Comparing the effectiveness of existing healthcare interventions in the adult population,en
702214,BBI-2016-F01,Valorisation of by-products or waste-streams from the food processing industry into high added-value products for market applications,en
701952,INFRAIA-02-2017,Integrating Activities for Starting Communities,en
702076,SFS-22-2017,"Smart fisheries technologies for an efficient, compliant and environmentally friendly fishing sector",en
669053,IMI2-2015-03-03,Linking Clinical Neuropsychiatry and Quantitative Neurobiology,en
669055,IMI2-2015-03-04,The Consistency Approach to Quality Control in Vaccine Manufacture,en
665460,ERC-StG-2015,ERC Starting Grant,en
665452,MG-1.9-2015,International cooperation in aeronautics with Canada,en
665377,ECSEL-01-2014,ECSEL Key Applications and Essential Technologies (RIA),en
700093,FOF-03-2016,Zero-defect strategies at system level for multi-stage manufacturing in production lines,en
664874,SCC-01-2014,"Smart Cities and Communities solutions integrating energy, transport, ICT sectors through lighthouse (large scale demonstration - first of the kind) projects",en
664855,LCE-09-2015,Large scale energy storage,en
664729,SFS-02b-2015,Assessing soil-improving cropping systems,en
664854,LCE-08-2014,Local / small-scale storage,en
664784,ERC-CoG-2014,ERC Consolidator Grant,en
665060,EeB-07-2015,New tools and methodologies to reduce the gap between predicted and actual energy performances at the level of buildings and blocks of buildings,en
664760,BG-09-2014,Acoustic and imaging technologies,en
664767,BG-15-2014,European polar research cooperation,en
664579,SC5-06-2014,Biodiversity and ecosystem services: drivers of change and causalities,en
664563,WATER-1a-2014,First application and market replication,en
664555,WASTE-1-2014,Moving towards a circular economy through industrial symbiosis,en
665184,PHC-14-2015,New therapies for rare diseases,en
665055,EeB-02-2014,Adaptable envelopes integrated in building refurbishment projects,en
665048,FoF-09-2015,ICT Innovation for Manufacturing SMEs (I4MS),en
704398,SU-ICT-01-2018,Dynamic countering of cyber-attacks,en
704380,ICT-10-2019-2020,Robotics Core Technology,en
704391,MSCA-COFUND-2018,"Co-funding of regional, national and international programmes",en
704396,SwafS-16-2019,Ethics of Innovation: the challenge of new interaction modes,en
704431,LC-SC3-CC-1-2018-2019-2020,Social Sciences and Humanities (SSH) aspects of the Clean-Energy Transition,en
704461,SU-FCT02-2018-2019-2020,Technologies to enhance the fight against crime and terrorism,en
704408,INNOSUP-06-2018,Supporting experimentation in innovation agencies,en
704401,ERC-2018-ADG,ERC Advanced Grant,en
704375,SFS-38-2018,Highly efficient management of soil quality and land resources,en
704456,SU-BES01-2018-2019-2020,"Human factors, and social, societal, and organisational aspects of border and external security",en
704446,NFRP-2018-10,Encouraging innovation in nuclear safety for the benefit of European citizen,en
704390,SC5-12-2018,EU-India water co-operation,en
704301,SESAR-ER4-10-2019,ATM Role in Intermodal Transport,en
703314,WF-01-2018,Widening Fellowships,en
703913,EIC-FTI-2018-2020,Fast Track to Innovation (FTI),en
703667,H2020-MSCA-RR-2018,MSCA for researchers at risk,en
703765,DT-ICT-02-2018,Robotics - Digital Innovation Hubs (DIH),en
703773,ICT-25-2018-2020,Interactive Technologies,en
702834,WIDESPREAD-01-2018-2019,Teaming Phase 2,en
702827,WIDESPREAD-04-2019,ERA Chairs,en
702918,DT-NMBP-03-2019,Open Innovation Test Beds for nano-enabled surfaces and membranes (IA),en
702948,DT-FOF-12-2019,Handling systems for flexible materials (RIA),en
702916,LC-NMBP-29-2019,Materials for non-battery based energy storage (RIA),en
702915,NMBP-15-2019,"Safe by design, from science to regulation: metrics and main sectors (RIA)",en
702975,DT-ICT-08-2019,Agricultural digital integration platforms,en
702909,LC-NMBP-32-2019,"Smart materials, systems and structures for energy harvesting (RIA)",en
702853,RUR-15-2018-2019-2020,Thematic networks compiling knowledge ready for practice,en
702927,BIOTEC-02-2019,Boosting the efficiency of photosynthesis (RIA),en
702899,DT-NMBP-18-2019,"Materials, manufacturing processes and devices for organic and large area electronics (IA)",en
702893,DT-NMBP-08-2019,Real-time nano-characterisation technologies (RIA),en
700589,SC5-10-2016,Multi-stakeholder dialogue platform to promote innovation with nature to address societal challenges,en
700587,SC5-13-2016-2017,New solutions for sustainable production of raw materials,en
700116,FOF-11-2016,Digital automation,en
699958,FCH-02.5-2015,Development of technology to separate hydrogen from low-concentration hydrogen streams,en
699951,BBI.VC1.F1,"From lignocellulosic feedstock to advanced bio-based chemicals, materials or ethanol",en
700073,BBI.VC2.R5-2015,Practices increasing effectiveness of forest management,en
700743,BIOTEC-02-2016,Bioconversion of non-agricultural waste into biomolecules for industrial applications,en
700741,BIOTEC-03-2016,Microbial chassis platforms with optimized metabolic pathways for industrial innovations through systems biology,en
700742,NMBP-02-2016,Advanced Materials for Power Electronics based on wide bandgap semiconductor devices technology,en
700705,INFRASUPP-01-2016,Policy and international cooperation measures for research infrastructures,en
700652,SC5-15-2016-2017,Raw materials policy support actions,en
700644,COMPET-2-2016,Maturing satellite communication technologies,en
700618,SESAR.IR-VLD.Wave1-11-2015,Advanced DCB,en
700167,EE-08-2016,Socio-economic research on consumer's behaviour related to energy efficiency,en
699978,JTI-CS2-2015-CFP02-ENG-04-05,Powerplant Shaft Dynamic and associated damping system,en
700389,ICT-03-2016,SSI - Smart System Integration,en
665222,INNOSUP-1-2015,Cluster faciltated projects for new value chains,en
665463,ERC-SUPPORT-2014,ERC Support for novel ways to highlight the work funded by the ERC and reach out a wider public.,en
665390,FCH-02.5-2014,Innovative fuel cell systems at intermediate power range for distributed combined heat and power generation,en
669155,JTI-CS2-2014-CFP01-SYS-02-02,"Modular, scalable, multi-function, high power density power controller for electric taxi",en
665295,ERC-ADG-2014,ERC Advanced Grant,en
665464,FTIPilot-1-2015,Fast Track to Innovation Pilot,en
669167,JTI-CS2-2014-CFP01-SYS-02-08,Embedded sensors technology for air quality measurement,en
665462,ERC-ADG-2015,ERC Advanced Grant,en
665385,FCH-01.7-2014,Large scale demonstration of refuelling infrastructure for road vehicles,en
665282,INNOSUP,INNOSUP,en
665455,MSCA-IF-2015-GF,Marie SkÅodowska-Curie Individual Fellowships (IF-GF),en
665239,BIOTEC-3-2014,Widening industrial application of enzymatic processes,en
665127,DS-02-2014,Access Control,en
665115,BES-04-2015,Maritime Border Security topic 4: Detection of low flying aircraft at near shore air space,en
664775,ISIB-05-2014,Renewable oil crops as a source of bio-based products,en
664789,ICT-04-2015,Customised and low power computing,en
664754,BG-03-2014,Novel marine derived biomolecules and industrial biomaterials,en
664732,SFS-05-2015,"Strategies for crop productivity, stability and quality",en
664609,MSCA-IF-2014-GF,Marie SkÅodowska-Curie Individual Fellowships (IF-GF),en
664954,EURO-1-2014,Resilient and sustainable economic and monetary union in Europe,en
664570,WATER-4b-2015,"Water management solutions for agricultural sector, thematic networks",en
664545,MSCA-ITN-2014-ETN,Marie SkÅodowska-Curie Innovative Training Networks (ITN-ETN),en
664547,MSCA-RISE-2014,Marie SkÅodowska-Curie Research and Innovation Staff Exchange (RISE),en
664605,WIDESPREAD-3-2014,Transnational network of national contact points (NCP),en
664592,SC5-15-2015,Strengthening the European Research Area in the domain of Earth Observation,en
664548,MSCA-COFUND-2014-DP,"Marie SkÅodowska-Curie Co-funding of regional, national and international programmes (COFUND-DP)",en
664771,ISIB-02-2015,Closing the research and innovation divide: the crucial role of innovation support services and knowledge exchange,en
664573,SC5-01-2014,Advanced Earth-system models,en
665068,SPIRE-07-2015,Recovery technologies for metals and other minerals,en
665059,EeB-06-2015,Integrated solutions of thermal energy storage for building applications,en
664779,ISIB-09-2014,"Supporting National Contact Points for Horizon 2020 Societal Challenge 2 on âFood Security, Sustainable Agriculture, Marine and Maritime Research and the Bioeconomyâ and the Key Enabling Technology (KET) âBiotechnologyâ",en
664710,EE-18-2015,"New technologies for utilization of heat recovery in large industrial systems, considering the whole energy cycle from heat production to transformation, delivery and end use",en
664718,SC5-11d-2015,New sustainable exploration technologies and geomodels,en
664639,GALILEO-3-2015,Releasing the potential of EGNSS applications through international cooperation,en
664554,MSCA-COFUND-2015-DP,"Marie SkÅodowska-Curie Co-funding of regional, national and international programmes (COFUND-DP)",en
664808,ICT-23-2014,Robotics,en
665188,PHC-17-2014,Comparing the effectiveness of existing healthcare interventions in the elderly,en
665186,PHC-15-2015,Clinical research on regenerative medicine,en
665180,PHC-11-2015,Development of new diagnostic tools and technologies: in vivo medical imaging technologies,en
664967,REFLECTIVE-3-2015,"European cohesion, regional and urban policies and the perceptions of Europe",en
665179,PHC-10-2014,"Development of new diagnostic tools and technologies: in vitro devices, assays and platforms",en
665066,SPIRE-05-2015,New adaptable catalytic reactor methodologies for Process Intensification,en
665054,EeB-01-2014,Materials for building envelope,en
664948,NFRP-10-2015,Education and training (Bologna and Copenhagen processes),en
665032,NMP-32-2015,Societal engagement on responsible nanotechnology,en
665002,NMP-02-2015,Integration of novel nano materials into existing production lines,en
704392,INFRAEOSC-02-2019,Prototyping new innovative services,en
704126,SU-ICT-03-2018,Establishing and operating a pilot for a Cybersecurity Competence Network to develop and implement a common Cybersecurity Research & Innovation Roadmap,en
704131,IMI2-2018-14-01,Targeted immune intervention for the management of non-response and relapse,en
704241,SESAR-IR-VLD-WAVE2-06-2019,PJ.07 W2 Optimised airspace users operations,en
704244,SESAR-IR-VLD-WAVE2-09-2019,PJ.18 W2 4D skyways,en
704136,IBA-SC5-PRESIDENCY-RO-2018,"Presidency event (conference): 'Sustainable development at the Black Sea' â Romania, first half of 2019",en
703939,INNOSUP-05-2018-2020,Peer learning of innovation agencies,en
703423,JTI-CS2-2017-CfP07-LPA-01-46,Intelligent Power Module,en
703845,GOVERNANCE-08-2018,Partnering for viability assessments of innovative solutions for markets outside Europe,en
703128,CE-SC5-06-2018,New technologies for the enhanced recovery of by-products,en
703961,SPACE-15-TEC-2018,Satellite communication technologies,en
703198,INFRAEDI-02-2018,HPC PPP - Centres of Excellence on HPC,en
703136,SU-TDS-02-2018,Toolkit for assessing and reducing cyber risks in hospitals and care centres to protect privacy/data/infrastructures,en
703890,DT-ICT-07-2018-2019,Digital Manufacturing Platforms for Connected Smart Factories,en
703856,DT-RUR-12-2018,ICT Innovation for agriculture â Digital Innovation Hubs for Agriculture,en
703847,GOVERNANCE-04-2019,Enhancing social rights and EU citizenship,en
703153,LC-CLA-03-2018,Climate change impacts in Europe,en
703689,IBA-SC2-Bioeconomy-2018,Bioeconomy Presidency Conference,en
703799,SC1-BHC-18-2018,Translational collaborative cancer research between Europe and the Community of Latin American and Caribbean States (CELAC),en
703965,DT-SPACE-01-EO-2018-2020,Copernicus market uptake,en
703837,DT-MIGRATION-06-2018-2019,Addressing the challenge of migrant integration through ICT-enabled solutions,en
703263,LC-SC3-EC-2-2018-2019-2020,Mitigating household energy poverty,en
703264,LC-SC3-ES-1-2019,Flexibility and retail market options for the distribution grid,en
702770,BBI.2017.D2,Integrated multi-valorisation of algae into advanced materials and high added-value additives,en
703173,INFRADEV-03-2018-2019,Individual support to ESFRI and other world-class research infrastructures,en
703905,LC-SPACE-14-TEC-2018-2019,Earth observation technologies,en
703528,IMI2-2018-14-02,Non-invasive clinical molecular imaging of immune cells,en
703876,ECSEL-2018-2-RIA-Special-Topic,H2020-ECSEL-2018-2-RIA-Special-Topic,en
703782,MG-2-2-2018,Marine Accident Response,en
703777,ICT-29-2018,A multilingual Next Generation Internet,en
703906,ICT-04-2018,"Photonics based manufacturing, access to photonics, datacom photonics and connected lighting",en
703070,SC1-BHC-04-2018,Rare Disease European Joint Programme Cofund,en
702802,ERC-2018-SyG,ERC Synergy Grant,en
702000,LCE-20-2016-2017,Enabling pre-commercial production of advanced aviation biofuel,en
702379,SESAR-VLD1-03-2016,Network collaborative Management,en
703092,SC1-HCO-09-2018,Building international efforts on population and patient cohorts,en
701955,SC5-04-2017,Towards a robust and comprehensive greenhouse gas verification system,en
701957,SC5-08-2017,Large-scale demonstrators on nature-based solutions for hydro-meteorological risk reduction,en
702093,SFS-27-2017,Permanent grassland â farming systems and policies,en
702459,JTI-CS2-2017-CFP06-ENG-03-16,Development of non-intrusive engine emissions instrumentation capability,en
702020,EE-02-2017,Improving the performance of inefficient district heating networks,en
702864,SFS-16-2018,Towards healthier and sustainable food,en
703011,ICT-26-2018-2020,Artificial Intelligence,en
701841,DS-07-2017,Cybersecurity PPP: Addressing Advanced Cyber Security Threats and Threat Actors,en
702907,LC-NMBP-30-2018,Materials for future highly performant electrified vehicle batteries (RIA),en
701997,LCE-16-2017,2nd Generation of design tools for ocean energy devices and arrays development and deployment,en
702778,BBI.2017.R4,Proteins and other bioactive ingredients from side streams and residues,en
702777,BBI.2017.R3,Exploiting extremophiles and extremozymes to broaden the processing conditions to convert biomass into high-value building blocks,en
702946,LC-EEB-02-2018,Building information modelling adapted to efficient renovation (RIA),en
703005,LC-MG-1-3-2018,Harnessing and understanding the impacts of changes in urban mobility on policy making by city-led innovation for sustainable urban mobility,en
702976,ICT-01-2019,Computing technologies and engineering methods for cyber-physical systems of systems,en
702931,CE-SPIRE-02-2018,Processing of material feedstock using non-conventional energy sources (IA),en
702922,DT-FOF-05-2019,Open Innovation for collaborative production engineering (IA),en
702429,ECSEL-2017-2,RIA,en
702069,BB-02-2017,Towards a method for the collection of statistical data on bio-based industries and bio-based products,en
702356,IMI2-2016-10-04,Creation of a pan-European Paediatric Clinical Trials Network,en
702387,SESAR-VLD1-01-2016,Arrival Management Extended to En-route airspace,en
702100,SFS-30-2017,"Closing loops at farm and regional levels to mitigate GHG emissions and environmental contamination - focus on carbon, nitrogen and phosphorus cycling in agro-ecosystems",en
702920,DT-FOF-04-2018,Pilot lines for metal Additive Manufacturing (IA 50%),en
702994,ICT-20-2019-2020,5G Long Term Evolution,en
702911,DT-FOF-02-2018,Effective Industrial Human-Robot Collaboration (RIA),en
702896,NMBP-13-2018,Risk Governance of nanotechnology (RIA),en
701884,CULT-COOP-02-2017,Improving mutual understanding among Europeans by working through troubled pasts,en
702936,CE-SPIRE-10-2018,Efficient recycling processes for plastic containing materials (IA),en
702917,DT-NMBP-02-2018,Open Innovation Test Beds for Safety Testing of Medical Technologies for Health (IA),en
702929,BIOTEC-03-2018,Synthetic biology to expand diversity of nature's chemical production (RIA),en
701918,MG-7-1-2017,Resilience to extreme (natural and man-made) events,en
702873,SFS-29-2018,Innovations in plant variety testing,en
702892,DT-NMBP-07-2018,Open Innovation Test Beds for Characterisation (IA),en
702865,LC-SFS-17-2019,Alternative proteins for food and feed,en
702846,RUR-09-2018,Realising the potential of regional and local bio-based economies,en
702908,NMBP-33-2018,Innovative and affordable solutions for the preventive conservation of cultural heritage (IA),en
702903,CE-NMBP-24-2018,Catalytic transformation of hydrocarbons (RIA),en
702832,CE-BG-06-2019,Sustainable solutions for bio-based plastics on land and sea,en
702054,BG-07-2017,Blue green innovation for clean coasts and seas,en
702012,EE-12-2017,Integration of Demand Response in Energy Management Systems while ensuring interoperability through Public Private Partnership (EeB PPP),en
701976,BG-11-2017,"The effect of climate change on Arctic permafrost and its socio-economic impact, with a focus on coastal areas",en
702077,SFS-35-2017,Innovative solutions for sustainable food packaging,en
702223,IMI2-2016-09-05,IDENTIFICATION AND VALIDATION OF BIOMARKERS FOR NON-ALCOHOLIC STEATOHEPATITIS (NASH) AND ACROSS THE SPECTRUM OF NON-ALCOHOLIC FATTY LIVER DISEASE (NAFLD),en
702051,BG-08-2017,Innovative sustainable solutions for improving the safety and dietary properties of seafood,en
700666,SESAR.IR-VLD.Wave1-14-2015,Separation Management En-Route and TMA,en
700628,SESAR.IR-VLD.Wave1-02-2015,Master Plan Maintenance,en
700320,SC1-PM-18-2016,Big Data supporting Public Health policies,en
702316,EO-3-2017,Preparation for a European capacity to monitor CO2 anthropogenic emissions,en
701940,GV-08-2017,Electrified urban commercial vehicles integration with fast charging infrastructure,en
702035,IoT-03-2017,R&I on IoT integration and platforms,en
701949,EINFRA-12-2017,Data and Distributed Computing e-infrastructures for Open Science,en
702011,LCE-05-2017,Tools and technologies for coordination and integration of the European energy system,en
701894,ICT-20-2017,Tools for smart digital content in the creative industries,en
701983,EE-25-2016,Development and roll-out of innovative energy efficiency services,en
701826,CIRC-02-2016-2017,Water in the context of the circular economy,en
701815,COMPET-5-2017,Space Weather,en
701761,GALILEO-1-2017,EGNSS Transport applications,en
702428,IMI2-2015-05-05,Evolving models of patient engagement and access for earlier identification of Alzheimerâs disease: Phased expansion study,en
701794,SEC-21-GM-2016-2017,Pan European Networks of practitioners and other actors in the field of security,en
701806,NMBP-29-2017,Advanced and realistic models and assays for nanomaterial hazard assessment,en
702112,SFS-33-2016,Understanding food value chain and network dynamics,en
702426,IMI2-2015-05-04,Understanding the role of amyloid imaging biomarkers in the current and future diagnosis and management of patients across the spectrum of cognitive impairment (from pre-dementia to dementia),en
702504,JTI-CS2-2017-CFP06-SYS-03-09,Computing Node for Safety Critical Applications,en
702015,EE-11-2016-2017,Overcoming market barriers and promoting deep renovation of buildings,en
701958,SC5-14-2016-2017,Raw materials Innovation actions,en
702431,ECSEL-2017-1,IA,en
702075,SFS-23-2016,Improving the technical performance of the Mediterranean aquaculture,en
701793,NMBP-15-2017,Nanotechnologies for imaging cellular transplants and regenerative processes in vivo,en
701824,PILOTS-05-2017,Paper-based electronics,en
702092,SFS-02-2016,Teaming up for good: Exploiting the benefits of species diversity in cropping systems,en
702055,RUR-01-2016,Consolidated policy framework and governance models for synergies in rural-urban linkages,en
701847,DS-04-2016,Economics of Cybersecurity,en
701999,LCE-19-2016-2017,Demonstration of the most promising advanced biofuel pathways,en
701922,MG-3.4-2016,Transport infrastructure innovation to increase the transport system safety at modal and intermodal level (including nodes and interchanges),en
701690,FETOPEN-04-2016-2017,FET Innovation Launchpad,en
702060,RUR-06-2016,"Crop diversification systems for the delivery of food, feed, industrial products and ecosystems services - from farm benefits to value-chain organisation",en
700818,SC1-HCO-02-2016,Standardisation of pre-analytical and analytical procedures for in vitro diagnostics in personalised medicine,en
700465,ICT-06-2016,Cloud Computing,en
700484,ICT-39-2016-2017,International partnership building in low and middle income countries,en
700258,CO-CREATION-08-2016-2017,Better integration of evidence on the impact of research and innovation in policy making,en
700085,SPIRE-02-2016,Plant-wide monitoring and control of data-intensive processes,en
700787,NMBP-17-2016,Advanced materials solutions and architectures for high efficiency solar energy harvesting,en
700791,SESAR.IR-VLD.Wave1-04-2015,Increased Runway and Airport Throughput,en
700809,DS-01-2016,"Assurance and Certification for Trustworthy and Secure ICT systems, services and components",en
700598,S2R-OC-IP1-02-2016,"Technology feasibility studies supporting the development of next generation TCMS, and safe control for brakes",en
700753,ICT-15-2016-2017,Big Data PPP: Large Scale Pilot actions in sectors best benefitting from data-driven innovation,en
700673,SCC-03-2016,"New governance, business, financing models and economic impact assessment tools for sustainable cities with nature-based solutions (urban re-naturing)",en
702382,SESAR-VLD1-06-2016,Increased access to airports for low visibility mixed fleet operations,en
704005,H2020EENSGA3,EEN H2020 SGA3,en
665386,FCH-02.1-2014,Research in electrolysis for cost effective hydrogen production,en
701971,INNOSUP-03-2017,Technology services to accelerate the uptake of advanced manufacturing technologies for clean production by manufacturing SMEs,en
702168,FCH-02-11-2016,MW or multi-MW demonstration of stationary fuel cells,en
669192,ECSEL-06-2015,"Semicondutor Process, Equipment and Materials",en
700105,INNOSUP-06-2016,Capacity-building for National Contact Points (NCPs) for SMEs and Access to Risk Finance under Horizon 2020,en
701860,SwafS-22-2017,The ethical dimensions of IT technologies: a European perspective focusing on security and human rights aspects,en
665030,NMP-30-2015,Next generation tools for risk governance of nanomaterials,en
664923,MG-9.5-2015,Fostering transnational cooperation in European transport research and innovation â NCP network,en
664825,ICT-39-2015,International partnership building in low and middle income countries,en
664597,SC5-19a-2014,Facilitating transnational cooperation between NCPs in Societal Challenge 5,en
665149,ISSI-5-2015,Supporting structural change in research organisations to promote Responsible Research and Innovation,en
665196,PHC-25-2015,Advanced ICT systems and services for integrated care,en
664580,SC5-07-2015,More effective ecosystem restoration in the EU,en
664566,WATER-2b-2015,"Integrated approaches to food security, low-carbon energy, sustainable water management and climate change mitigation:",en
665189,PHC-18-2015,Establishing effectiveness of health care interventions in the paediatric population,en
665047,FoF-08-2015,"ICT-enabled modelling, simulation, analytics and forecasting technologies",en
664908,MG-5.4-2015,Strengthening the knowledge and capacities of local authorities,en
704345,SC1-BHC-05-2018,"International flagship collaboration with Canada for human data storage, integration and sharing to enable personalised medicine approaches",en
704417,LC-SC3-RES-11-2018,Developing solutions to reduce the cost and increase performance of renewable technologies,en
704403,INNOSUP-02-2019-2020,European SME innovation Associate - pilot,en
704387,CE-SC5-03-2018,Demonstrating systemic urban development for circular and regenerative cities,en
704382,LC-MG-1-1-2018,InCo flagship on reduction of transport impact on air quality,en
704416,LC-SC3-EE-2-2018-2019,Integrated home renovation services,en
704453,TRANSFORMATIONS-08-2019,The societal value of culture and the impact of cultural policies in Europe,en
704454,SU-DRS01-2018-2019-2020,"Human factors, and social, societal, and organisational aspects for disaster-resilient societies",en
704368,SFS-01-2018-2019-2020,Biodiversity in action: across farmland and the value chain,en
704477,IMI2-2017-13-04,Mitochondrial Dysfunction in Neurodegeneration,en
704458,SU-DRS02-2018-2019-2020,Technologies for first responders,en
704412,SU-DS04-2018-2020,Cybersecurity in the Electrical Power and Energy System (EPES): an armour against cyber and privacy attacks and data breaches,en
704480,IMI2-2017-13-09,"ConcePTION â Continuum of Evidence from Pregnancy Exposures, Reproductive Toxicology and Breastfeeding to Improve Outcomes Now",en
704402,INNOSUP-01-2018-2020,Cluster facilitated projects for new industrial value chains,en
704452,DT-GOVERNANCE-12-2019-2020,Pilot on using the European cloud infrastructure for public administrations,en
704397,SwafS-14-2018-2019-2020,Supporting the development of territorial Responsible Research and Innovation,en
702308,NMBP-38-2017,Support for the enhancement of the impact of PILOT projects,en
701832,FOF-10-2017,New technologies and life cycle management for reconfigurable and reusable customised products,en
702581,SPIRE-09-2017,Pilot lines based on more flexible and down-scaled high performance processing,en
700929,H2020-SGA2-EEN,H2020 2D CONSULTATION EEN,en
702417,H2020-EEN-SGA2-2017-1,EEN H2020 SGA2 2D BATCH,en
702206,BBI-2016-D02,Improvement and adaptation of industrial crop varieties and novel sources of biomass to diversify biomass feedstock for biorefineries,en
704567,JTI-CS2-2019-CFP10-AIR-02-81,Active Flow control on Tilt Rotor lifting surfaces,en
704593,JTI-CS2-2019-CFP10-THT-07,Ultra-High Aspect ratio wings,en
702059,RUR-04-2016,Water farms â improving farming and its impact on the supply of drinking water,en
700636,SESAR.IR-VLD.Wave1-19-2015,CWP - HMI,en
700632,SESAR.IR-VLD.Wave1-13-2015,Trajectory Based Free Routing,en
705305,H2020-EIC-SMEInst-2020-4,H2020-EIC Accelerator pilot âSME Instrument - Green Deal,en
703803,SC1-DTH-08-2018,Prototyping a European interoperable Electronic Health Record (EHR) exchange,en
703980,TRANSFORMATIONS-14-2018,Supply and demand-oriented economic policies to boost robust growth in Europe â Addressing the social and economic challenges in Europe,en
703983,TRANSFORMATIONS-05-2018,Cities as a platform for citizen-driven innovation,en
703109,SC1-DTH-03-2018,Adaptive smart working and living environments supporting active and healthy ageing,en
702812,BG-08-2018-2019,All Atlantic Ocean Research Alliance Flagship,en
703133,SC1-HCC-04-2018,Digital health and care services â support for strategy and (early) adoption,en
703038,FETPROACT-01-2018,FET Proactive: emerging paradigms and communities,en
703927,JTI-CS2-2017-CfP07-REG-01-11,Full scale innovative composite frames and shear ties for Regional Aircraft Fuselage barrel on-ground demonstrators.,en
703758,IMI2-2017-12-03,Development of sensitive and validated clinical endpoints in primary SjÃ¶grenâs Syndrome (pSS),en
703968,LC-SC3-RES-5-2018,Increased performance of technologies for local heating and cooling solutions,en
703214,SwafS-18-2018,Taking stock of the application of the precautionary principle in R&I,en
701931,MG-1.3-2017,Maintaining industrial leadership in aeronautics,en
701920,MG-4.1-2017,Increasing the take up and scale-up of innovative solutions to achieve sustainable mobility in urban areas,en
703027,MG-3-1-2018,Multidisciplinary and collaborative aircraft design tools and processes,en
702805,IMI2-2017-12-04,European Health Data Network (EHDN),en
701980,EE-22-2016-2017,Project Development Assistance,en
702095,SFS-07-2016-2017,Organic breeding â Increasing the competitiveness of the organic breeding and farming sectors,en
701974,SCC-02-2016-2017,Demonstrating innovative nature-based solutions in cities,en
700807,SCC-04-2016,Sustainable urbanisation,en
700369,GV-11-2016,Stimulating European research and development for the implementation of future road transport technologies,en
700832,FCH-02-7-2016,Demonstration of large-scale rapid response electrolysis to provide grid balancing services and to supply hydrogen markets,en
700816,SC1-PM-06-2016,Vaccine development for malaria and/or neglected infectious diseases,en
700822,SESAR.IR-VLD.Wave1-25-2015,Arrival Management extended to en-route Airspace,en
700748,NMBP-09-2016,Biomaterials for diagnosis and treatment of demyelination disorders of the Central Nervous System,en
700751,NMBP-26-2016,Analytical techniques and tools in support of nanomaterial risk assessment,en
700477,BG-01-2016,Large-scale algae biomass integrated biorefineries,en
700695,SESAR.IR-VLD.Wave1-01-2015,Content Integration,en
700691,SESAR.IR-VLD.Wave1-21-2015,4D Trajectory Management,en
700411,SC1-PM-12-2016,PCP - eHealth innovation in empowering the patient,en
665297,MSCA-COFUND-2015-FP,"Marie SkÅodowska-Curie Co-funding of regional, national and international programmes (COFUND-FP)",en
665240,BIOTEC-4-2014,Downstream processes unlocking biotechnological transformations,en
701961,SC5-22-2017,"Innovative financing, business and governance models for adaptive re-use of cultural heritage",en
669032,FETOPEN-CSA-FETTAKEUP-2015,FET Take-Up Coordination and Support Activities 2015,en
665225,INNOSUP-4-2014,European label for innovation voucher programmes,en
664774,ISIB-04b-2015,Improved forest management models,en
665012,NMP-12-2015,Biomaterials for treatment and prevention of Alzheimer's disease,en
664635,GALILEO-1-2015,EGNSS applications,en
664628,INFRASUPP-3-2014,Strengthening the human capital of research infrastructures,en
664665,COMPET-05-2015,"Scientific exploitation of astrophysics, comets, and planetary data",en
664766,BG-14-2014,Supporting international cooperation initiatives:  Atlantic Ocean Cooperation Research Alliance,en
665141,GERI-4-2014,Support to research organisations to implement gender equality plans,en
664807,ICT-22-2014,Multimodal and Natural computer interaction,en
665175,PHC-06-2014,Evaluating existing screening and prevention programmes,en
665185,PHC-15-2014,Clinical research on regenerative medicine,en
665182,PHC-12-2015,Clinical research for the validation of biomarkers and/or diagnostic medical devices,en
705289,SESAR-WAVE3-05-2020,Collaborative management of TMA & Airport throughput,en
705222,JTI-CS2-2020-CFP11-THT-13,Sustainability of Hybrid-Electric Aircraft System Architectures,en
705218,JTI-CS2-2020-CFP11-THT-11,High power density / multifunctional electrical energy storage solutions for aeronautic applications,en
705226,SESAR-VLD2-02-2020,Integrated Trajectory Management,en
705288,SESAR-WAVE3-02-2020,Increased flexibility in ATCO rating,en
705286,SESAR-WAVE3-01-2020,Virtual Centre,en
705292,SESAR-WAVE3-03-2020,Collaborative U-space-ATM SWIM interface,en
705221,JTI-CS2-2020-CFP11-THT-12,Advanced High Power Electrical Systems for High Altitude Operation,en
705224,SESAR-VLD2-01-2020,Optimised use of Airspace,en
705228,SESAR-VLD2-03-2020,U-space capabilities and services to enable Urban Air Mobility,en
705290,SESAR-WAVE3-07-2020,Downlinking Flight Trajectory to improve ATM performance,en
705285,IBA-ERC-EPMC-2020,Support to the Europe PMC initiative,en
705220,JTI-CS2-2020-CfP11-TE2-01-14,Reduction of the environmental impact of aviation via optimisation of aircraft size/range and flight network,en
705291,SESAR-WAVE3-06-2020,Integrated Runway Throughput and Terminal Efficiency,en
705225,SESAR-VLD2-04-2020,Environmental sustainability,en
705227,JTI-CS2-2020-CFP11-THT-14,Scalability and limitations of Hybrid Electric concepts up to large commercial aircraft,en
705293,IBA-MSCA-SNLS-2020,MSCA Special Needs Allowance,en
705219,JTI-CS2-2020-CfP11-TE2-01-13,Airport and ATS Level Assessment for Rotorcraft,en
705245,SC1-PHE-CORONAVIRUS-2020,Advancing knowledge for the clinical and public health response to the 2019-nCoV epidemic,en
705247,IBA-ENERGY-GERMAN-SETPLAN-2020,Support to the German Presidency Conference on the European Strategic Technology Plan (SET-Plan) 2020,en
705287,SESAR-WAVE3-04-2020,Automated air/ground data synchronisation,en
705246,H2020-European-i-capital-Prize-2020,The European Capital of Innovation Award (iCapital),en
705189,JTI-CS2-2020-CfP11-LPA-01-92,Optimization of APU Exhaust Muffler Thermal Barrier and Air Intakes construction Technologies,en
703795,SC1-BHC-03-2018,"Exploiting research outcomes and application potential of the human microbiome for personalised prediction, prevention and treatment of disease",en
703966,SFS-32-2018,Supporting microbiome coordination and the International Bioeconomy Forum,en
703932,LC-SFS-03-2018,Microbiome applications for sustainable food systems,en
703160,SC5-15-2018,Strengthening the benefits for Europe of the Global Earth Observation System of Systems (GEOSS) - establishing 'EuroGEOSS',en
702845,RUR-04-2018-2019,Analytical tools and models to support policies related to agriculture and food,en
701790,NMBP-12-2017,Development of a reliable methodology for better risk management of engineered biomaterials in Advanced Therapy Medicinal Products and/or Medical Devices,en
699935,FCH-01.2-2015,Diagnostics and control for increased fuel cell system lifetime in automotive applications,en
664735,SFS-07b-2015,Management and sustainable use of genetic resources,en
664805,ICT-20-2015,Technologies for better human learning and teaching,en
704447,NFRP-2018-6,European Joint Research Programme in the management and disposal of radioactive waste,en
702087,SFS-14-2016,Understanding host-pathogen-environment interactions,en
701812,BIOTEC-06-2017,Optimisation of biocatalysis and downstream processing for the sustainable production of high value-added platform chemicals,en
701821,EO-2-2017,EO Big Data Shift,en
702090,SFS-26-2016,Legumes - transition paths to sustainable legume-based farming systems and agri-feed and food chains,en
700095,FOF-13-2016,Photonics Laser-based production,en
700756,SC5-20-2016,European data hub of the GEOSS information system,en
701960,SC5-19-2017,Coordination of citizens' observatories initiatives,en
700428,CO-CREATION-09-2016,A European map of knowledge production and co-creation in support of research and innovation for societal challenges,en
700754,JTI-CS2-2015-CFP02-FRC-01-03,"Development and validation of an optimised gearbox housing structural design and manufacturing process, based on additive layer manufacturing concept leading to a flight cleared demonstrator.",en
704132,BBI.2018.SO4.S1,Benefit from previous and current work to create a coherent and stimulating âenvironmentâ for a sustainable bio-based industry in Europe,en
704043,IBA-SWAFS-NCP-2018,Fostering transnational cooperation between National Contact Points (NCP) in the area of Science with and for Society: follow-up project,en
704127,ECSEL-2018-2-RIA,H2020-ECSEL-2018-2-RIA,en
703485,S2R-OC-IP4-01-2018,Semantic framework for multimodal transport services,en
703190,INFRADEV-02-2019-2020,Preparatory Phase of new ESFRI projects and early phase support to ESFRI high strategic potential areas,en
703185,SC5-18-2018,Valuing nature: mainstreaming natural capital in policies and in business decision-making,en
703809,LC-CLA-01-2018,"Supporting the development of climate policies to deliver on the Paris Agreement, through Integrated Assessment Models (IAMs)",en
703760,SFS-08-2018-2019,Improving animal welfare,en
703163,SC5-17-2018,Towards operational forecasting of earthquakes and early warning capacity for more resilient societies,en
703206,SwafS-09-2018-2019-2020,Supporting research organisations to implement gender equality plans,en
703291,LC-SPACE-02-EO-2018,Copernicus evolution â Mission exploitation concepts,en
703164,SC5-16-2019,Development of commercial activities and services through the use of GEOSS and Copernicus data,en
703761,SFS-30-2018-2019-2020,Agri-Aqua Labs,en
702811,DT-BG-04-2018-2019,Sustainable European aquaculture 4.0: nutrition and breeding,en
702842,RUR-03-2018,Contracts for effective and lasting delivery of agri-environmental public goods,en
703266,LC-SC3-ES-3-2018-2020,Integrated local energy systems (Energy islands),en
703158,SC5-11-2018,Digital solutions for water: linking the physical and digital world for water solutions,en
702101,SFS-10-2017,Research and approaches for emerging diseases and pests in plants and terrestrial livestock,en
701915,MG-3.2-2017,Protection of all road users in crashes,en
701888,CULT-COOP-07-2017,Cultural heritage of European coastal and maritime regions,en
702988,ICT-32-2018,STARTS â The Arts stimulating innovation,en
703063,LC-GV-03-2019,User centric charging infrastructure,en
703086,SC1-BHC-27-2018,New testing and screening methods to identify endocrine disrupting chemicals,en
702820,LC-BG-03-2018,Sustainable harvesting of marine biological resources,en
703006,MG-2-4-2018,Coordinating national efforts in modernizing transport infrastructure and provide innovative mobility services,en
702933,CE-SPIRE-04-2019,Efficient integrated downstream processes (IA),en
701903,ART-03-2017,Multi-Brand platooning in real traffic conditions,en
701869,SwafS-05-2017,New constellations of Changing Institutions and Actors,en
703034,MG-4-6-2019,Supporting Joint Actions on sustainable urban accessibility and connectivity,en
702027,WIDESPREAD-05-2017,Twinning,en
702901,DT-NMBP-20-2018,A digital 'plug and produce' online equipment platform for manufacturing (IA),en
702863,LC-SFS-15-2018,Future proofing our plants,en
702833,WIDESPREAD-02-2018,Support to JPI Urban Europe,en
702862,DT-SFS-14-2018,Personalized Nutrition,en
702839,RUR-02-2018,Socio-economic impacts of digitisation of agriculture and rural areas,en
701859,SwafS-14-2017,A Linked-up Global World of RRI,en
702343,S2R-OC-IP1-02-2017,"Tools, methodologies and technological development of the next generation of Running Gear",en
702342,S2R-OC-IP5-01-2017,Real-time yard and network management,en
701849,CO-CREATION-01-2017,Education and skills: empowering Europeâs young innovators,en
702585,S2R-OC-IP2-02-2017,Energy harvesting methodologies for trackside and on-board signalling and communication devices. Adaptation of already existing technologies for developing a purely on-board Train Integrity,en
702644,S2R-OC-IP3-01-2017,Smart metering and asset management of railway systems,en
701820,EO-1-2017,Downstream applications,en
701810,BIOTEC-07-2017,New Plant Breeding Techniques (NPBT) in molecular farming: Multipurpose crops for industrial bioproducts,en
702037,ICT-04-2017,Smart Anything Everywhere Initiative,en
700701,ICT-36-2016,"Boost synergies between artists, creative people and technologists",en
700650,EO-2-2016,Downstream services for public authorities,en
700638,SC5-06-2016-2017,Pathways towards the decarbonisation and resilience of the European economy in the timeframe 2030-2050 and beyond,en
700185,BBI.VC3.R8-2015,Increasing productivity of industrial multi-purpose agricultural crops,en
700016,SMEInst-08-2016-2017,Supporting SMEs efforts for the development - deployment and market replication of innovative solutions for blue growth,en
702070,RUR-15-2017,The benefits of working with others â fostering social capital in the farming sector,en
702298,LCE-37-2017,ERA-NET Co-Fund Enhanced cooperation in Smart Local and Regional Energy Networks of the European Energy System,en
669182,ECSEL-01-2015,Smart Mobility,en
669143,JTI-CS2-2014-CFP01-ENG-03-04,Crack growth threshold analysis in TiAl alloys,en
665313,BBI.VC3.D4,Functional additives from residues from the agro-food industry,en
664919,MG-9.1-2015,Transport societal drivers,en
664881,SIE-01-2015,Stimulating the innovation potential of SMEs for a low carbon energy system,en
665000,LCE-18-2015,Supporting Joint Actions on demonstration and validation of innovative energy solutions,en
704378,SC1-BHC-02-2019,Systems approaches for the discovery of combinatorial therapies for complex disorders,en
704492,S2R-OC-IP2-02-2018,Modern methodologies and verifications for GNSS in Railways and virtual test environment,en
704415,SU-INFRA01-2018-2019-2020,"Prevention, detection, response and mitigation of combined physical and cyber threats to critical infrastructure in Europe",en
704404,INNOSUP-04-2019,Workplace innovation uptake by SMEs,en
704490,S2R-OC-IP2-03-2018,Communication environment assessment and validation,en
702018,EE-06-2016-2017,Engaging private consumers towards sustainable energy,en
665010,NMP-10-2014,Biomaterials for the treatment of diabetes mellitus,en
664872,LCE-21-2015,"Modelling and analysing the energy system, its transformation and impacts",en
664863,LCE-14-2015,Market uptake of existing and emerging sustainable bioenergy,en
664758,BG-07-2015,Response capacities to oil spills and marine pollutions,en
665197,PHC-26-2014,Self management of health and disease: citizen engagement and mHealth,en
704246,SESAR-IR-VLD-WAVE2-11-2019,PJ.13 W2 IFR RPAS,en
703192,INFRAEOSC-06-2019-2020,Enhancing the EOSC portal and connecting thematic clouds,en
703676,LC-CLA-09-2019,"ERA-NET Cofund action on biodiversity and climate change: Impacts, feedbacks, and nature-based solutions for climate change adaptation and mitigation",en
703974,CS2-GAM-2018-LPA,Large Passengers Aircraft,en
703895,SC5-21-2019-2020,"ERA-NET Cofund action for climate action, environment, resource efficiency and raw materials",en
703844,GOVERNANCE-03-2018,Addressing populism and boosting civic and democratic engagement,en
703791,LC-MG-1-6-2019,Aviation operations impact on climate change (InCo flagship),en
703135,DT-TDS-01-2019,Smart and healthy living at home,en
702324,SC5-33-2017,Closing the water gap,en
703040,FETPROACT-03-2018,FET ERA-NET Cofund,en
702323,SC5-32-2017,Biodiversity scenarios,en
702970,ICT-18-2018,"5G for cooperative, connected and automated mobility (CCAM)",en
702310,BB-08-2017,Strategies for improving the bioeconomy knowledge of the general public,en
702433,SGA-INFRA-FETFLAG-HBP,Interactive Computing e-infrastructure for the Human Brain Project FET Flagship (FPA),en
701962,SC5-21-2016-2017,Cultural heritage as a driver for sustainable growth,en
700500,SFS-25-2016,Support Action to a common agricultural and wider bioeconomy research agenda,en
701986,SC1-HCO-03-2017,Implementing the Strategic Research Agenda on Personalised Medicine,en
665213,HCO-08-2014,ERA-NET: Aligning national/regional translational cancer research programmes and activities,en
664839,ISIB-12a-2014,Sustainable and resilient agriculture for food and non-food systems,en
664568,WATER-3-2015,Stepping up EU research and innovation cooperation in the water area,en
665067,SPIRE-06-2015,Energy and resource management systems for improved efficiency in the process industries,en
664698,EE-02-2015,Buildings design for new highly energy performing buildings,en
664561,WASTE-6a-2015,Eco-innovative solutions,en
665050,FoF-11-2015,Flexible production systems based on integrated tools for rapid reconfiguration of machinery and robots,en
704595,JTI-CS2-2019-CFP10-THT-09,Disruptive Active Flow Control for aircraft engine applications,en
704386,SC1-BHC-07-2019,Regenerative medicine: from new insights to new applications,en
703353,GOVERNANCE-14-2018,ERA-Net Co-fund - Renegotiating democratic governance in times of disruptions,en
703970,JTI-CS2-2017-CfP07-REG-01-13,Full scale Innovative composite windows frames for Regional Aircraft Fuselage barrel on-ground demonstrators,en
703839,DT-TRANSFORMATIONS-02-2018-2019-2020,Transformative impact of disruptive technologies in public services,en
703290,LC-SPACE-EGNSS-1-2019-2020,"EGNSS applications fostering green, safe and smart mobility",en
703273,LC-SC3-NZE-3-2018,Strategic planning for CCUS development,en
703857,DT-ICT-11-2019,Big data solutions for energy,en
703763,CE-SPIRE-03-2018,Energy and resource flexibility in highly energy intensive industries (IA 50%),en
702779,BBI.2017.R5,Novel bio-based chemical precursors to improve the performance of mass consumption products,en
703088,SC1-HCO-04-2018,ERA-NET to support the Joint Programming in Neurodegenerative Diseases strategic plan (JPND),en
702956,ICT-02-2018,Flexible and Wearable Electronics,en
702942,ICT-16-2018,Software Technologies,en
702320,SC5-30-2017,"ERA-NET on Climate Services Roadmap: Cross-sector impact assessments (evaluation, comparison and integration)",en
702098,SFS-04-2017,New partnerships and tools to enhance European capacities for in-situ conservation,en
701892,ICT-16-2017,Big data PPP: research addressing main technology challenges of the data economy,en
702031,FETPROACT-02-2017,FET ERANET Cofund,en
702319,SPIRE-13-2017,Potential of Industrial Symbiosis in Europe,en
701891,CULT-COOP-10-2017,"Culture, integration and European public space",en
702041,ICT-09-2017,Networking research beyond 5G,en
702022,EE-09-2016-2017,Engaging and activating public authorities,en
701830,FOF-09-2017,Novel design and predictive maintenance technologies for increased operating life of production systems,en
701873,SwafS-02-2016,ERA-NET Cofund â Promoting Gender equality in H2020 and the ERA,en
701765,EEB-06-2017,"Highly efficient hybrid storage solutions for power and heat in residential buildings and district areas, balancing the supply and demand conditions",en
702197,BBI-2016-R06,Bio-based alternatives to improve protection of human health and the environment,en
701932,MG-1.1-2016,Reducing energy consumption and environmental impact of aviation,en
700851,FCH-04-1-2016,Novel education and training tools,en
700793,EINFRA-11-2016,Support to the next implementation phase of Pan-European High Performance Computing infrastructure and services (PRACE),en
700452,SFS-19-2016-2017,ERA-NET Cofund: Public-Public Partnerships in the bioeconomy,en
700463,ICT-22-2016,Technologies for Learning and Skills,en
700208,SPIRE-05-2016,Potential use of carbon dioxide / carbon monoxide and non-conventional fossil natural resources in Europe as feedstock for the process industry,en
699994,SMEInst-06-2016-2017,"Accelerating market introduction of ICT solutions for Health, Well-Being and Ageing Well",en
702586,FCH-01-1-2017,Development of fuel cell system technologies for achieving competitive solutions for aeronautical applications,en
701968,SC1-PM-02-2017,New concepts in patient stratification,en
669222,ECSEL-18-2015,Smart Systems Integration,en
665212,HCO-07-2014,ERA-NET: Establishing synergies between the Joint Programming on Neurodegenerative Diseases Research and Horizon 2020,en
664958,EURO-5-2015,ERA-NET on Smart Urban Futures,en
664792,ICT-07-2014,Advanced Cloud Infrastructures and Services,en
665130,DS-05-2015,Trust eServices,en
665061,EeB-08-2015,Integrated approach to retrofitting of residential buildings,en
665113,BES-02-2015,Maritime Border Security topic 2: affordable and easily deployable technologies for EU coastal border surveillance with reduced impact on the environment,en
664901,MG-4.1-2014,Towards the energy efficient and emission free vessel,en
704410,SU-DS01-2018,"Cybersecurity preparedness - cyber range, simulation and economics",en
704451,GOVERNANCE-01-2019,Trust in governance,en
704486,S2R-OC-IPX-03-2018,Innovative/breakthrough mobility concepts (with rail as backbone),en
704407,FETFLAG-02-2018,ERA-NET Cofund for FET Flagships,en
700567,FETFLAG-01-2016,Partnering environment for FET flagships,en
700022,SMEInst-13-2016-2017,Engaging SMEs in security research and development,en
700557,JTI-CS2-2015-CFP02-FRC-02-10,Multipurpose test rig for transmission gear boxes,en
700830,FCH-01-1-2016,Manufacturing technologies for PEMFC stack components and stacks,en
700808,FETPROACT-03-2016,FET ERANET Cofund in Quantum Technologies,en
700660,ICT-12-2016,Net Innovation Initiative,en
700903,SFS-41-2016,EU-Africa Research and Innovation partnership on food and nutrition security and sustainable agriculture,en
700626,SESAR.IR-VLD.Wave1-15-2015,Enhanced Air and Ground Safety Nets,en
700416,COMPET-3-2016-b,SRC - In-Space electrical propulsion and station keeping - Disruptive Technologies,en
665238,BIOTEC-2-2015,New bioinformatics approaches in service of biotechnology,en
665237,BIOTEC-1-2014,Synthetic biology â construction of organisms for new products and processes,en
700110,BBI.VC3.D5-2015,Valorisation of agricultural residues and side streams from the agro-food industry,en
665214,HCO-09-2014,ERA-NET: Systems medicine to address clinical needs,en
664880,SIE-01-2014,Stimulating the innovation potential of SMEs for a low carbon energy system,en
664884,MG-1.2-2015,Enhancing resource efficiency of aviation,en
664567,WATER-3-2014,Stepping up EU research and innovation cooperation in the water area,en
664868,LCE-18-2014,Supporting Joint Actions on demonstration and validation of innovative energy solutions,en
664858,LCE-11-2015,Developing next generation technologies for biofuels and sustainable alternative fuels,en
664823,ICT-37-2015,Open Disruptive Innovation Scheme (implemented through the SME instrument),en
665164,FETHPC-1-2014,"HPC Core Technologies, Programming Environments and Algorithms for Extreme Parallelism and Extreme Data Applications",en
664946,NFRP-08-2015,High density uranium fuel and targets for the production of medical radioisotopes,en
665024,NMP-24-2015,Low-energy solutions for drinking water production,en
700079,FOF-04-2016,Continuous adaptation of work environments with changing levels of automation in evolving production systems,en
704291,SGA-FET-GRAPHENE-2019,Graphene FET Flagship core project,en
702122,NFRP-9,Impacts of low dose radiation exposure,en
701831,FOF-12-2017,ICT Innovation for Manufacturing SMEs (I4MS),en
701783,SEC-14-BES-2016,Towards reducing the cost of technologies in land border security applications,en
669196,ECSEL-08-2015,Cyber-physical Systems,en
664813,ICT-28-2015,Cross-cutting ICT KETs,en
664727,SFS-01c-2015,Assessing sustainability of terrestrial livestock production,en
665099,FCT-04-2015,Forensics topic 4: Internet Forensics to combat organized crime,en
700821,SC1-HCO-04-2016,Towards globalisation of the Joint Programming Initiative on Antimicrobial resistance,en
704338,BBI-2019-SO3-D4,Demonstrate bio-based pesticides and/or biostimulant agents for sustainable increase in agricultural productivity,en
704220,SU-SPACE-23-SEC-2019,Advanced research in Near Earth Objects (NEOs) and new payload technologies for planetary defence,en
703367,SU-GM01-2018-2019-2020,Pan-European networks of practitioners and other actors in the field of security,en
703800,SC1-BHC-19-2019,Implementation research for maternal and child health,en
703846,DT-GOVERNANCE-05-2018-2019-2020,New forms of delivering public goods and inclusive public services,en
703195,INFRAEDI-01-2018,Pan-European High Performance Computing infrastructure and services (PRACE),en
703146,CE-SC5-02-2018,Independent testing programme on premature obsolescence,en
703896,SU-BES02-2018-2019-2020,Technologies to enhance border and external security,en
701878,ENG-GLOBALLY-06-2017,The Asia-Pacific as a strategic region for Europe,en
703087,SC1-HCO-01-2018-2019-2020,Actions in support of the International Consortium for Personalised Medicine,en
703090,SC1-HCO-05-2018,Strengthening regulatory sciences and supporting regulatory scientific advice,en
702888,DT-NMBP-01-2018,"Open Innovation Test Beds for Lightweight, nano-enabled multifunctional composite materials and components (IA)",en
702924,DT-FOF-08-2019,Pilot lines for modular factories (IA 50%),en
701895,ICT-23-2017,Interfaces for accessibility,en
702332,S2R-CFM-IP4-01-2017,Technical framework for attractive railway services,en
702321,SC5-31-2017,Widening international cooperation activities on climate adaptation and mitigation,en
702244,JTI-CS2-2016-CFP04-REG-01-05,Green Turboprop - High lift configuration integrating adaptive wing concept - Low Speed experimental validation,en
702502,JTI-CS2-2017-CFP06-SYS-02-34,"Development of autonomous, wireless, smart and low cost current sensor for monitoring of electrical lines",en
700895,JTI-CS2-2016-CFP03-SYS-02-14,Development of electromechanical actuators  and electronic control units for flight control systems,en
700290,JTI-CS2-2015-CFP02-FRC-02-13,HVDC Generator,en
700517,BG-05-2016,ERA-NET Cofund on marine technologies,en
700494,ICT-29-2016,Photonics KET 2016,en
700648,SC5-28-2016,Transformations to sustainability,en
700693,SC5-17-2016,ERA-NET Cofund on Raw materials,en
700269,CULT-COOP-11-2016-2017,Understanding the transformation of European public administrations,en
700183,JTI-CS2-2015-CFP02-SYS-02-10,"Analysis of centrifugal compressor instabilities occurring with vaneless diffusor, at low mass flow momentum",en
664797,ICT-12-2015,Integrating experiments and facilities in FIRE+,en
664759,BG-08-2014,Developing in-situ Atlantic Ocean Observations for a better management and sustainable exploitation of the maritime resources,en
664726,SFS-01a-2014,Genetics and nutrition and alternative feed sources for terrestrial livestock production,en
664731,SFS-04-2014,Soil quality and function,en
664652,COMPET-07-2014,Space exploration â Life support,en
664886,MG-1.4-2014,Coordinated research and innovation actions targeting the highest levels of safety for European aviation,en
664829,EUJ-1-2014,"Technologies combining big data, internet of things in the cloud",en
664738,SFS-09-2014,Towards a gradual elimination of discards in European fisheries,en
664750,SFS-19-2014,Sustainable food and nutrition security through evidence based EU agro-food policy,en
665170,PHC-01-2014,"Understanding health, ageing and disease: determinants, risk factors and pathways",en
664730,SFS-03a-2014,Native and alien pests in agriculture and forestry,en
664618,EINFRA-2-2014,e-Infrastructure for Open Access,en
664586,SC5-11c-2015,Deep mining on continent and/or in sea-bed,en
664582,SC5-09-2014,Consolidating the European Research Area on biodiversity and ecosystem services,en
664577,SC5-05a-2014,Climate change mitigation options,en
665176,PHC-07-2014,Improving the control of infectious epidemics and foodborne outbreaks through rapid identification of pathogens,en
664711,EE-19-2015,Improving the financeability and attractiveness of sustainable energy investments,en
665177,PHC-08-2014,Vaccine development for poverty-related and neglected infectious diseases: tuberculosis,en
704418,LC-SC3-EE-8-2018-2019,Capacity building programmes to support implementation of energy audits,en
704423,LC-SC3-EE-15-2018,New energy label driving and boosting innovation in products energy efficiency,en
704146,BBI.2018.SO3.F2,"Large-scale production of proteins for food and feed applications from alternative, sustainable sources",en
703757,SFS-05-2018-2019-2020,New and emerging risks to plant health,en
703134,FETOPEN-02-2018,FET-Open Coordination and Support Actions,en
703261,LC-SC3-RES-28-2018-2019-2020,Market Uptake support,en
703962,IBA-Energy-EPBD-2018,5th Concerted Action on the Energy Performance of Buildings Directive support to Member States and participating countries for the implementation of the EPBD,en
703347,GOVERNANCE-06-2018,Trends and forward-looking scenarios in global governance,en
703894,SC5-09-2018-2019,New solutions for the sustainable production of raw materials,en
703820,SwafS-01-2018-2019-2020,Open schooling and collaboration on science education,en
703348,GOVERNANCE-02-2018-2019,"Past, present and future of differentiation in European governance",en
703434,JTI-CS2-2017-CfP07-SYS-01-09,Obstruction detection Sensor for Modular surveillance active Trajectory check improvement,en
703370,SU-GM02-2018-2020,"Strategic pre-commercial procurements of innovative, advanced systems to support security",en
703125,CE-SC5-01-2018,Methods to remove hazardous substances and contaminants from secondary raw materials,en
703234,LC-SC3-EE-9-2018-2019,Innovative financing for energy efficiency investments,en
703780,MG-2-5-2018,Innovative technologies for improving aviation safety and certification in icing conditions (InCo flagship),en
702798,IMI2-2017-12-07,European Screening Centre: unique library for attractive biology (ESCulab),en
702829,WIDESPREAD-03-2018,Twinning,en
702317,SwafS-26-2017,Science4Refugees - Support to highly skilled refugee scientists,en
702105,SFS-36-2017,Co-fund on One Health (zoonoses â emerging threats),en
702952,DT-ICT-10-2018-19,Interoperable and smart homes and grids,en
702089,SFS-16-2017,Bee health and sustainable pollination,en
702064,RUR-13-2017,Building a future science and education system fit to deliver to practice,en
702109,SFS-46-2017,"Alternative production system to address anti-microbial drug usage, animal welfare and the impact on health",en
701867,SwafS-13-2017,Integrating Society in Science and Innovation â An approach to co-creation,en
702968,ICT-15-2019-2020,Cloud Computing,en
702875,SFS-31-2019,ERANETs in agri-food,en
702941,LC-EEB-06-2018-20,"ICT enabled, sustainable and affordable residential building construction, design to end of life (IA 50%)",en
702353,IMI2-2016-10-02,How Big Data could support better diagnosis and treatment outcomes for Prostate Cancer,en
702784,SGA-FETFLAG-HBP-2017,HBP FET Flagship core project,en
702859,SFS-07-2018,Making European beekeeping healthy and sustainable,en
701857,SwafS-24-2017,Trans-national operation of the EURAXESS Service network,en
702303,SFS-50-2017,Supporting international cooperation activities on agriculture soil contribution to climate change mitigation and adaptation,en
702049,BG-12-2016,Towards an integrated Mediterranean Sea Observing System,en
701773,SEC-05-DRS-2016-2017,"Chemical, biological, radiological and nuclear (CBRN) cluster",en
702217,BBI-2016-S03,Open-innovation Platform strengthening cooperation and joint development of bio-based industries and downstream sectors,en
701769,SEC-01-DRS-2016,Integrated tools for response planning and scenario building,en
702216,BBI-2016-S02,Bioeconomy related open access research infrastructure and assessing its capabilities for industry driven development projects,en
701853,SwafS-18-2016,The Ethics of technologies with high socio-economic impact and Human Rights relevance,en
701780,SEC-12-FCT-2016-2017,"Technologies for prevention, investigation, and mitigation in the context of fight against crime and terrorism",en
701934,MG-1-4-2016-2017,Breakthrough innovation,en
701767,GALILEO-2-2017,EGNSS mass market applications,en
702072,SFS-37-2016,The impact of consumer practices in food safety: risks and mitigation strategies,en
701785,SEC-15-BES-2017,Risk-based screening at border crossing,en
701762,GALILEO-3-2017,EGNSS professional applications,en
700571,COMPET-4-2016,SRC - Space Robotics Technologies,en
702107,SFS-44-2016,A joint plant breeding programme to decrease the EU's and China's dependency on protein imports,en
700569,EO-3-2016,Evolution of Copernicus services,en
700214,REV-INEQUAL-01-2016,An empirically informed European theory of justice and fairness,en
700212,EE-05-2016,Models and tools for heating and cooling mapping and planning,en
700833,JTI-CS2-2016-CFP03-AIR-02-20,Low cost Fused Filament Fabrication of high performance thermoplastics for structural applications,en
700819,SC1-HCO-01-2016,Valorisation of FP7 Health and H2020 SC1 research results,en
700265,EUK-03-2016,Federated Cloud resource brokerage for mobile cloud services,en
700480,BG-10-2016,Impact of Arctic changes on the weather and climate of the Northern Hemisphere,en
700053,BBI.R10-2015,Innovative efficient biorefinery technologies,en
700739,NMBP-10-2016,Nanoformulation of biologicals,en
700689,SC5-09-2016,Operationalising insurance value of ecosystems,en
700153,FOF-02-2016,Machinery and robot systems in dynamic shop floor environments using novel embedded cognitive functions,en
700377,MG-8.3-2016,Assessing future requirements for skills and jobs across transport modes and systems,en
700179,EEB-03-2016,Integration of advanced technologies for heating and cooling at building and district level,en
700157,NMBP-24-2016,Network to capitalise on strong European position in materials modelling and to allow industry to reap the benefits,en
700137,MG-1-5-2016-2017,"Identification of gaps, barriers and needs in the aviation research",en
700075,JTI-CS2-2015-CFP02-AIR-02-08,Ice protection system based on two-phase heat transport technologies integrated in representative engine intake structure,en
665249,Energy,Energy,en
702042,ICT-11-2017,Collective Awareness Platforms for Sustainability and Social Innovation,en
665211,HCO-06-2015,Global Alliance for Chronic Diseases. Prevention and treatment of lung diseases,en
700107,EEB-01-2016,Highly efficient insulation materials with improved properties,en
665215,HCO-10-2014,ERA NET rare disease research implementing IRDiRC objectives,en
669188,ECSEL-04-2015,Smart Health,en
669220,ECSEL-17-2015,Cyber-physical Systems,en
665458,MSCA-ITN-2015-EJD,Marie SkÅodowska-Curie Innovative Training Networks (ITN-EJD),en
665217,HCO-12-2015,ERA NET: Antimicrobial resistance,en
700083,SPIRE-04-2016,Industrial furnace design addressing energy efficiency in new and existing furnaces,en
664894,MG-2.3-2014,New generation of rail vehicles,en
664826,EUB-1-2015,"Cloud Computing, including security aspects",en
664786,ICT-01-2014,Smart Cyber-Physical Systems,en
664966,REFLECTIVE-2-2015,Emergence and transmission of European cultural heritage and Europeanisation,en
664959,EURO-6-2015,Meeting new societal needs by using emerging technologies in the public sector,en
665029,NMP-29-2015,Increasing the capacity to perform nano-safety assessment,en
664988,INT-12-2015,"The cultural, scientific and social dimension of EU-LAC relations",en
664985,INT-09-2015,"The European Union, Turkey and its wider neighbourhood: challenges and opportunities",en
664982,INT-06-2015,Re-invigorating the partnership between the two shores of the Mediterranean,en
664939,NFRP-01-2014,Improved safety design and operation of fission reactors,en
664640,GALILEO-4-2014,"EGNSS awareness raising, capacity building and/or promotion activities, inside or outside of the European Union",en
664634,GALILEO-1-2014,EGNSS applications,en
664606,H2020-TWINN-2015,Twinning,en
664912,MG-6.3-2015,Common communication and navigation platforms for pan-European logistics applications,en
664875,SCC-01-2015,"Smart Cities and Communities solutions integrating energy, transport, ICT sectors through lighthouse (large scale demonstration - first of the kind) projects",en
664871,LCE-20-2014,The human factor in the energy system,en
664852,LCE-06-2015,Transmission grid and wholesale market,en
664744,SFS-13-2015,Biological contamination of crops and the food chain,en
664703,EE-10-2015,Consumer engagement for sustainable energy,en
664701,EE-07-2015,Enhancing the capacity of public authorities to plan and implement sustainable energy policies and measures,en
664662,COMPET-02-2015,Independent access to space,en
664660,PROTEC-1-2015,Passive means to reduce the impact of Space Debris,en
665144,ISSI-1-2015,Pan-European public outreach: exhibitions and science cafÃ©s engaging citizens in science,en
665142,GERI-4-2015,Support to research organisations to implement gender equality plans,en
664795,ICT-10-2015,Collective Awareness Platforms for Sustainability and Social Innovation,en
665083,DRS-11-2015,"Disaster Resilience & Climate Change topic 3: Mitigating the impacts of climate change and natural hazards on cultural heritage sites, structures and artefacts",en
664844,LCE-01-2014,New knowledge and technologies,en
664794,ICT-09-2014,Tools and Methods for Software Development,en
664772,ISIB-03-2015,Unlocking the growth potential of rural areas through enhanced governance and social innovation,en
664745,SFS-14a-2014,Authentication of olive oil,en
664621,EINFRA-5-2015,Centres of Excellence for computing applications,en
664659,EO-3-2015,Technology developments for competitive imaging from space,en
664658,EO-2-2015,Stimulating wider research use of Copernicus Sentinel Data,en
665193,PHC-22-2015,Promoting mental wellbeing in the ageing population,en
664564,WATER-1b-2015,Demonstration/pilot activities,en
664562,WASTE-7-2015,"Ensuring sustainable use of agricultural waste, co-products and by-products",en
664584,SC5-10c-2015,An EU support mechanism for evidence-based policy on biodiversity & ecosystems services,en
665201,PHC-30-2015,Digital representation of health data to improve disease diagnosis and treatment,en
665183,PHC-13-2014,New therapies for chronic non-communicable diseases,en
665172,PHC-03-2015,Understanding common mechanisms of diseases and their relevance in co-morbidities,en
664962,YOUNG-3-2015,Lifelong learning for young adults: better policies for growth and inclusion in Europe,en
664955,EURO-2-2014,The European growth agenda,en
664927,GV-2-2014,Optimised and systematic energy management in electric vehicles,en
664909,MG-5.5a-2015,Demonstrating and testing innovative solutions for cleaner and better urban transport and mobility,en
665013,NMP-13-2014,Storage of energy produced by decentralised sources,en
665011,NMP-11-2015,Nanomedicine therapy for cancer,en
664978,INT-02-2015,"Encouraging the research and innovation cooperation between the Union and selected regional partners â proposals targeting Southern Mediterranean Neighbourhood, Eastern Partnership",en
700071,BBI.VC1.R1-2015,Conversion of lignin-rich streams from biorefineries,en
700087,SwafS-25-2016,Celebrating European Science,en
704437,SU-SPACE-EGNSS-3-2019-2020,EGNSS applications fostering societal resilience and protecting the environment,en
704422,LC-SC3-RES-4-2018,Renewable energy system integrated at the building scale,en
704389,SwafS-02-2018,Innovative methods for teaching ethics and research integrity,en
704462,SU-FCT01-2018-2019-2020,"Human factors, and social, societal, and organisational aspects to solve issues in fighting against crime and terrorism",en
704406,FETFLAG-01-2018,Preparatory Actions for new FET Flagships,en
704483,S2R-CFM-IP1-01-2018,Development of technology demonstrators for the next generation of traction systems and adhesion management systems,en
704430,LC-SC3-ES-6-2019,Research on advanced tools and technological development,en
704214,SC1-BHC-32-2019,Towards a next generation influenza vaccine to protect citizens worldwide â an EU-India collaboration,en
703891,LC-CLA-08-2018,"Addressing knowledge gaps in climate science, in support of IPCC reports",en
703236,LC-SC3-EE-11-2018-2019-2020,Aggregation - Project Development Assistance,en
703769,ICT-08-2019,Security and resilience for collaborative manufacturing environments,en
702814,BG-01-2018,Towards a Baltic and North Sea research and innovation programme,en
703212,SwafS-15-2018-2019,Exploring and supporting citizen science,en
703849,SU-FCT03-2018-2019-2020,Information and data stream management to fight against (cyber)crime and terrorism,en
702080,SFS-40-2017,Sweeteners and sweetness enhancers,en
702945,DT-FOF-06-2019,Refurbishment and re-manufacturing of large industrial equipment (IA),en
702056,RUR-02-2017,Coastal-rural interactions: Enhancing synergies between land and sea-based activities,en
703009,ICT-33-2019,Startup Europe for Growth and Innovation Radar,en
702081,SFS-32-2017,"Promoting and supporting the eco-intensification of aquaculture production systems: inland (including fresh water), coastal zone, and offshore",en
702822,BG-07-2019-2020,The Future of Seas and Oceans Flagship Initiative,en
702111,SFS-48-2017,Resource-efficient urban agriculture for multiple benefits â contribution to the EU-China Urbanisation Partnership,en
702743,CS2-GAM-2018-AIR,Airframes,en
701837,SPIRE-11-2017,Support for the enhancement of the impact of SPIRE PPP projects,en
701864,SwafS-09-2016,"Moving from constraints to openings, from red lines to new frames in Horizon 2020",en
702115,NFRP-14,Cross-cutting support to improved knowledge on tritium management in fission and fusion facilities,en
701789,SEC-19-BES-2016,Data fusion for maritime security applications,en
701688,WIDESPREAD-01-2016-2017,Teaming Phase 2,en
700858,FCH-02-2-2016,Development of compact reformers for distributed bio-hydrogen production,en
701995,LCE-13-2016,"Solutions for reduced maintenance, increased reliability and extended life-time of off-shore wind turbines/farms",en
700891,FCH-01-9-2016,Large scale validation of fuel cell bus fleets,en
700806,LCE-26-2016,Cross-thematic ERA-NET on Applied Geosciences,en
702346,S2R-OC-IP3-03-2017,Satellite and autonomous monitoring systemsâ solution,en
700749,NMBP-23-2016,Advancing the integration of Materials Modelling in Business Processes to enhance effective industrial decision making and increase competitiveness,en
699980,JTI-CS2-2015-CFP02-ENG-01-03,"More electric, advanced hydromechanics propeller control components",en
700843,S2R-CFM-IP5-02-2015,Start-up activities for Freight Automation,en
700472,BG-09-2016,An integrated Arctic observation system,en
700817,SC1-PM-01-2016,Multi omics for personalised therapies addressing diseases of the immune system,en
700624,IoT-02-2016,IoT Horizontal activities,en
700282,MG-4.4-2016,Facilitating public procurement of innovative sustainable transport and mobility solutions in urban areas,en
700173,JTI-CS2-2015-CFP02-LPA-02-10,Development of pultrusion manufacturing applications,en
700061,SPIRE-01-2016,Systematic approaches for resource-efficient water management systems in process industries,en
704445,NFRP-2018-7,"Availability and use of research infrastructures for education, training and competence building",en
704455,SU-BES03-2018-2019-2020,Demonstration of applied solutions to enhance border and external security,en
704369,DT-SFS-26-2019,Food Cloud demonstrators,en
704479,IMI2-2017-13-06,A sustainable European induced pluripotent stem cell platform,en
700441,CO-CREATION-05-2016,Co-creation between public administrations: once-only principle,en
700387,ICT-10-2016,Software Technologies,en
700391,ICT-18-2016,Big data PPP: privacy-preserving big data technologies,en
701984,SC1-HCO-07-2017,Global Alliance for Chronic Diseases (GACD) prevention and management of mental disorders,en
665210,HCO-05-2014,Global Alliance for Chronic Diseases: prevention and treatment of type 2 diabetes,en
669179,COST-Networking-2015,COST-Networking-2015,en
665393,FCH-02.8-2014,Improvement of electrolyser design for grid integration,en
669057,IMI2-2015-03-05,Pertussis vaccination research,en
665323,IMI2-2014-01-01,Translational approaches to disease modifying therapy of Type 1 Diabetes Mellitus (T1DM),en
665119,BES-08-2015,Supply Chain Security topic 1: Development of an enhanced non-intrusive (stand-off) scanner,en
664801,ICT-16-2015,Big data - research,en
664719,SC5-11e-2015,New metallurgical systems,en
664945,NFRP-07-2015,Integrating radiation research in the European Union,en
664947,NFRP-09-2015,Transmutation of minor actinides (Towards industrial application),en
664944,NFRP-06-2014,Supporting the implementation of the first-of-the-kind geological repositories,en
664953,NFRP-15-2015,Specific support to the work of the Sustainable Nuclear Energy Technology Platform,en
664910,MG-6.1-2014,Fostering synergies alongside the supply chain (including e.commerce),en
664720,SC5-03b-2014,Linkages between climate change actions and sustainable development,en
664588,SC5-12b-2015,Materials under extreme conditions,en
664950,NFRP-12-2014,Nuclear developments and interaction with society,en
700779,GEANT-2016,Research and Education Networking â GÃANT,en
700634,SESAR.IR-VLD.Wave1-06-2015,Airport Safety Nets,en
701846,DS-05-2016,EU Cooperation and International Dialogues in Cybersecurity and Privacy Research and Innovation,en
702260,JTI-CS2-2016-CFP04-AIR-02-28,Development of methods for deriving optimized shapes of morphing structures considering both aerodynamic performances and specific mechanical morphing boundary conditions,en
700373,SC1-HCO-16-2016,Standardisation needs in the field of ICT for Active and Healthy Ageing,en
700457,RUR-08-2016,Demonstration of integrated logistics centres for food and non-food applications,en
700097,EUJ-02-2016,IoT/Cloud/Big Data platforms in social application contexts,en
700606,INFRASUPP-03-2016,Support to policies and international cooperation for e-infrastructures,en
700324,EUJ-03-2016,Experimental testbeds on Information-Centric Networking,en
700437,EINFRA-22-2016,User-driven e-infrastructure innovation,en
700065,JTI-CS2-2015-CFP02-ENG-03-01,Industry focused eco-design,en
701994,LCE-12-2017,Near-to-market solutions for the use of solar heat in industrial processes,en
703220,FETFLAG-03-2018,FET Flagship on Quantum Technologies,en
701943,GV-04-2017,"Next generation electric drivetrains for fully electric vehicles, focusing on high efficiency and low cost",en
702032,FETOPEN-03-2017,FET-Open Coordination and Support Actions,en
701825,CIRC-01-2016-2017,"Systemic, eco-innovative approaches for the circular economy: large-scale demonstration projects",en
702157,IMI2-2015-07-01,VALIDATION OF TRANSLATIONAL IMAGING METHODS IN DRUG SAFETY ASSESSMENT (TRISTAN),en
701829,FOF-08-2017,In-line measurement and control for micro-/nano-enabled high-volume manufacturing for enhanced reliability,en
702420,IMI2-2015-05-01,"Patient perspective elicitation on benefits and risks of medicinal products, from development through the entire life cycle, to inform the decision-making process by regulators and Health Technology Assessment bodie",en
700911,JTI-CS2-2016-CFP03-ENG-01-09,Integrated air-oil cooling system,en
700375,LCE-08-2016-2017,Development of next generation biofuel technologies,en
700012,SMEInst-04-2016-2017,Engaging SMEs in space research and development,en
669051,IMI2-2015-03-02,Assessing Risk and Progression of Prediabetes and Type 2 Diabetes to Enable Disease Modification,en
705085,IBA-SC6-Croatia-Presidency-2019,Presidency events- Croatia,en
704212,SC1-BHC-31-2019,Pilot actions to build the foundations of a human cell atlas,en
704157,IBA-SC6-NCP-2018,Fostering transnational cooperation between National Contact Points (NCP) in the area of SC6: follow-up project,en
704211,LC-SC3-JA-2-2018-2019,Support to the realisation of the Implementation Plans of the SET Plan,en
704140,BBI.2018.SO3.R9,Develop functional molecules for bio-based coatings outperforming existing products and meeting market requirements,en
704192,JTI-CS2-2018-CfP08-SYS-02-52,Innovative Composite Material Qualification Methodologies,en
703441,JTI-CS2-2017-CfP07-SYS-02-41,Development of methodology and tools based on advanced statistics applied to Electro Magnetic Compatibility analysis of cable harnesses in aeronautics,en
703840,TRANSFORMATIONS-06-2018,Inclusive and sustainable growth through cultural and creative industries and the arts,en
703827,SPACE-12-TEC-2018,SRC â Space robotics technologies,en
703828,SPACE-11-TEC-2018,Generic space technologies,en
703872,SPACE-20-SCI-2018,Scientific instrumentation and technologies enabling space science and exploration,en
703633,IMI2-2018-15-01,Integrated research platforms enabling patient-centric drug development,en
703428,JTI-CS2-2017-CfP07-REG-01-12,"Full scale innovative composite doors, surrounds and sub-structure for Regional Aircraft Fuselage barrel on-ground demonstrators",en
703492,FCH-01-1-2018,Large Scale Demonstration of H2 fueled HD Trucks with High Capacity Hydrogen Refueling Stations (HRS),en
703257,LC-SC3-RES-21-2018,Development of next generation biofuels and alternative renewable fuel technologies for road transport,en
703897,IMI2-2017-13-11,Translational Safety Biomarker Pipeline (TransBioLine): Enabling development and implementation of novel safety biomarkers in clinical trials and diagnosis of disease,en
703933,JTI-CS2-2017-CfP07-SYS-01-07,Development of a system for pilot eye gaze and gesture tracking in the cockpit environment,en
701998,LCE-17-2017,Easier to install and more efficient geothermal systems for retrofitting buildings,en
702957,ICT-03-2018-2019,Photonics Manufacturing Pilot Lines for Photonic Components and Devices,en
703095,SC1-HCO-12-2018,Innovation in healthcare - a CSA towards using pre-commercial procurement and public procurement of innovative solutions in healthcare systems,en
702578,IMI2-2016-10-03,Improving the care of patients suffering from acute or chronic pain,en
703062,LC-GV-04-2019,Low-emissions propulsion for long-distance trucks and coaches,en
702480,JTI-CS2-2017-CFP06-LPA-01-34,3D printing and harsh environment testing of flow control actuators at aircraft scale,en
703082,SC1-BHC-23-2018,"Novel patient-centred approaches for survivorship, palliation and/or end-of-life care",en
702905,CE-NMBP-26-2018,Smart plastic materials with intrinsic recycling properties by design (RIA),en
701935,MG-2.4-2017,Complex and value-added specialised vessels,en
702378,SESAR-VLD1-02-2016,Integrated Airport,en
702584,IMI2-2016-10-01,Understanding hypoglycaemia: the underlying mechanisms and addressing clinical determinants as well as consequences for people with diabetes by combining databases from clinical trials,en
701988,SC1-PM-08-2017,New therapies for rare diseases,en
701978,EE-20-2017,Bringing to market more energy efficient and integrated data centres,en
701945,GV-05-2017,Electric vehicle user-centric design for optimised energy efficiency,en
702161,IMI2-2015-07-04,DRY AGE-RELATED MACULAR DEGENERATION: DEVELOPMENT OF NOVEL CLINICAL ENDPOINTS FOR CLINICAL TRIALS WITH A REGULATORY AND PATIENT ACCESS INTENTION,en
702598,FCH-02-5-2017,Demonstration of large electrolysers for bulk renewable hydrogen production,en
701836,SPIRE-10-2017,"New electrochemical solutions for industrial processing, which contribute to a reduction of carbon dioxide emissions",en
702114,NFRP-12,Support for careers in the nuclear field,en
702602,IMI2-2015-08-01,Ebola and other filoviral haemorrhagic fevers (Ebola+) programme: future outbreaks,en
701822,PILOTS-03-2017,Pilot Lines for Manufacturing of Nanotextured surfaces with mechanically enhanced properties,en
701808,NMBP-35-2017,Innovative solutions for the conservation of 20th century cultural heritage,en
701813,COMPET-2-2017,Competitiveness in Earth observation mission technologies,en
701797,NMBP-22-2017,Business models and industrial strategies supporting novel supply chains for innovative product-services,en
701823,PILOTS-04-2017,Pilot Lines for 3D printed and/or injection moulded polymeric or ceramic microfluidic MEMS,en
702442,JTI-CS2-2017-CFP06-AIR-02-39,Integration of innovative ice protection systems into structure and their validation,en
701786,SEC-17-BES-2017,"Architectures and organizations, big data and data analytics for customs risk management of the international goods supply chain trade movements",en
702116,NFRP-1,Continually improving safety and reliability of Generation II and III reactors,en
702113,NFRP-7,Research and innovation on the overall management of radioactive waste other than geological disposal.,en
700276,EE-04-2016-2017,New heating and cooling solutions using low grade sources of thermal energy,en
701906,ART-07-2017,Full-scale demonstration of urban road transport automation,en
702587,FCH-01-5-2017,Large scale demonstration in preparation for a wider roll-out of fuel cell bus fleets (FCB) including new cities  â Phase two,en
701990,SC1-PM-20-2017,Methods research for improved health economic evaluation,en
665174,PHC-05-2014,Health promotion and disease prevention: translating 'omics' into stratified approaches,en
701856,SwafS-23-2017,"Responsible Research and Innovation (RRI) in support of sustainability and governance, taking account of the international context",en
704420,LC-SC3-EE-16-2018-2019-2020,Supporting public authorities to implement the Energy Union,en
704475,IMI2-2017-13-02,Genome-Environment Interactions in Inflammatory Skin Disease,en
704472,IMI2-2017-13-01,Assessment of the uniqueness of diabetic cardiomyopathy relative to other forms of heart failure using unbiased pheno-mapping approaches,en
704510,JTI-CS2-2018-CFP08-THT-02,Cognitive Computing potential for cockpit operations,en
704436,LC-SPACE-04-EO-2019,Copernicus evolution â Research activities in support of cross-cutting applications between Copernicus services,en
700790,SESAR.IR-VLD.Wave1-05-2015,Integrated Surface Management,en
700757,CIRC-05-2016,Unlocking the potential of urban organic waste,en
700703,S2R-OC-IP2-02-2015,IT virtualization of testing environment,en
700685,SESAR.IR-VLD.Wave1-20-2015,SWIM Infrastructures,en
664837,SFS-03b-2014,EU-China cooperation on IPM in agriculture,en
703256,LC-SC3-RES-15-2019,Increase the competitiveness of the EU PV manufacturing industry,en
665400,FCH-04.3-2014,Pre-normative research on vented deflagrations in containers and enclosures for hydrogen energy applications,en
701844,CO-CREATION-03-2016,Piloting demand-driven collaborative innovation models in Europe,en
701887,CULT-COOP-06-2017,Participatory approaches and social innovation in culture,en
702285,JTI-CS2-2016-CFP04-SYS-03-08,Electromechanical actuation for landing gear,en
702023,EE-16-2016-2017,Effective implementation of EU product efficiency legislation,en
702175,JTI-CS2-2016-CFP03-REG-01-03,Aileron Actuation Subsystem using EMAs,en
702001,LCE-21-2017,Market uptake of renewable energy technologies,en
702158,IMI2-2015-07-07,"INCREASE ACCESS AND USE OF HIGH QUALITY DATA TO IMPROVE CLINICAL OUTCOMES IN HEART FAILURE (HF), ATRIAL FIBRILLATION (AF), AND ACUTE CORONARY SYNDROME (ACS) PATIENTS",en
701879,SwafS-01-2016,Participatory research and innovation via Science Shops,en
702127,NFRP-13,Fission/fusion cross-cutting research in the area of multi-scale materials modelling,en
702118,NFRP-3,Investigating the safety of closed nuclear fuel cycle options and fuel developments,en
702121,NFRP-6,Addressing key priority R&I issues for the first-of-the-kind geological repositories,en
702120,NFRP-5,Materials research for Generation-IV reactors,en
702065,RUR-14-2016,Advisors' roles in the functioning of AKIS and advisory policies boosting innovation in sustainable agriculture,en
701766,EEB-08-2017,New business models for energy-efficient buildings through adaptable refurbishment solutions,en
665148,ISSI-5-2014,Supporting structural change in research organisations to promote Responsible Research and Innovation,en
664815,ICT-30-2015,Internet of Things and Platforms for Connected Smart Objects,en
665133,SEAC-1-2014,Innovative ways to make science education and scientific careers attractive to young people,en
665136,SEAC-3-2014,Trans-national operation of the EURAXESS Service network,en
704374,CE-RUR-08-2018-2019-2020,Closing nutrient cycles,en
704471,IMI2-2017-13-07,Linking digital assessment of mobility to clinical endpoints to support regulatory acceptance and clinical practice,en
701768,EEB-07-2017,Integration of energy harvesting at building and district level,en
701802,NMBP-06-2017,"Improved material durability in buildings and infrastructures, including offshore",en
701816,COMPET-6-2017,Space portal,en
703073,SC1-BHC-10-2019,Innovation Procurement: Next generation sequencing (NGS) for routine diagnosis,en
703873,MIGRATION-07-2019,International protection of refugees in a comparative perspective,en
703285,LC-SC3-EE-17-2019,European City Facility - European cities as key innovation hubs to unlock finance for energy efficiency,en
703764,LC-EEB-05-2019-20,Integrated storage systems for residential buildings (IA),en
703309,SPACE-13-TEC-2019,SRC â In-Space electrical propulsion and station keeping,en
703858,LC-EEB-03-2019,New developments in plus energy houses (IA),en
703161,SC5-13-2018-2019,Strengthening international cooperation on sustainable urbanisation: nature-based solutions for restoration and rehabilitation of urban ecosystems,en
703332,MIGRATION-01-2019,Understanding migration mobility patterns: elaborating mid and long-term migration scenarios,en
703297,DT-SPACE-EGNSS-2-2019-2020,EGNSS applications fostering digitisation,en
703874,TRANSFORMATIONS-03-2018-2019,Innovative solutions for inclusive and sustainable urban environments,en
703822,SwafS-19-2018-2019-2020,Taking stock and re-examining the role of science communication,en
702488,JTI-CS2-2017-CFP06-LPA-03-09,Image based landing solutions for Disruptive Cockpit concept,en
702381,SESAR-VLD1-04-2016,Initial Trajectory Information sharing,en
702730,CS2-GAM-2018-REG,Regional Aircraft,en
701885,CULT-COOP-04-2017,Contemporary histories of Europe in artistic and creative practices,en
701956,SC5-07-2017,Coordinating and supporting research and innovation actions on the decarbonisation of the EU economy,en
702062,RUR-09-2017,Business models for modern rural economies,en
701889,CULT-COOP-09-2017,"European cultural heritage, access and analysis for a richer interpretation of the past.",en
702990,ICT-34-2018-2019,Pre-Commercial Procurement open,en
702737,CS2-GAM-2018-ENG,Engines,en
702926,BIOTEC-01-2018,Standardisation in Synthetic Biology (CSA),en
701981,EE-23-2017,Innovative financing schemes,en
702300,REV-INEQUAL-12-2017,Research Social Platform on Migration and Asylum,en
702010,LCE-04-2017,Demonstration of system integration with smart transmission grid and storage technologies with increasing share of renewables,en
702597,FCH-02-12-2017,Demonstration of fuel cell-based energy storage solutions for isolated micro-grid or off-grid remote areas,en
701900,ICT-33-2017,Innovation procurement networks,en
701939,GV-09-2017,Aerodynamic and flexible trucks,en
702306,SFS-18-2017,Support to the development and implementation of FOOD 2030 - a European research and innovation policy framework for food and nutrition security,en
702006,LCE-28-2017,Highly flexible and efficient fossil fuel power plants,en
702019,EE-01-2017,Waste heat recovery from urban facilities and re-use to increase energy efficiency of district or individual heating and cooling systems,en
701874,ENG-GLOBALLY-01-2017,Strengthening Europe's position in the global context: science diplomacy and intercultural relations,en
701896,ICT-28-2017,"Robotics Competition, coordination and support",en
701834,SPIRE-08-2017,Carbon dioxide utilisation to produce added value chemicals,en
701914,MG-1-2-2017,Reducing aviation noise,en
702013,SC1-PM-16-2017,In-silico trials for developing and assessing biomedical products,en
702304,ENG-GLOBALLY-10-2017,Migration and asylum systems,en
701838,SPIRE-12-2017,Assessment of standardisation needs and ways to overcome regulatory bottlenecks in the process industry,en
701959,SC5-18-2017,Novel in-situ observation systems,en
701944,GV-06-2017,Physical integration of hybrid and electric vehicle batteries at pack level aiming at increased energy density and efficiency,en
702005,LCE-27-2017,"Measuring, monitoring and controlling the potential risks of subsurface operations related to CCS and unconventional hydrocarbons",en
665245,MG-5.5b-2015,Demonstrating and testing innovative solutions for cleaner and better urban transport and mobility,en
701965,SC5-26-2017,Pre-commercial procurement on soil decontamination,en
702376,SESAR-ER3-05-2016,Enabling Aviation Infrastructure: CNS,en
702299,REV-INEQUAL-11-2017,Current European and cross-national comparative research and research actions on Migration,en
702375,SESAR-ER3-04-2016,Enabling Aviation Infrastructure: CNS for General Aviation,en
664836,SFS-01b-2014,Tackling losses from terrestrial animal diseases,en
665128,DS-03-2015,The role of ICT in Critical Infrastructure Protection,en
704433,LC-SC3-CC-3-2019,Support for the opening of low-carbon energy research databases in Europe,en
704602,IBA-MSCA-HR-Presidency-Conf-2019,Presidency conference(s),en
704400,SU-ICT-04-2019,Quantum Key Distribution testbed,en
701871,SwafS-04-2016,Opening Research Organisations in the European Research Area,en
701784,SEC-10-FCT-2017,Integration of detection capabilities and data fusion with utility providersâ networks,en
702207,BBI-2016-D03,Valorisation of lignin and other side-streams to increase efficiency of biorefineries and increase sustainability of the whole value chain,en
700899,JTI-CS2-2016-CFP03-FRC-02-11,Design and realization of equipped engine compartments for a fast compound rotorcraft,en
702123,NFRP-11,Support for the EU security of supply of nuclear fuel for research reactors,en
702088,SFS-15-2016-2017,Breeding livestock for resilience and efficiency,en
702102,SFS-11-2016,Challenges for disease management: Perennial crops in the tropics and sub-tropics,en
700892,JTI-CS2-2016-CFP03-LPA-01-15,High Fidelity time-accurate CFD Simulations,en
702255,JTI-CS2-2016-CFP04-FRC-02-18,Full Fairing for Main Rotor Head or the LifeRCraft demonstrator,en
704210,IMI2-2018-15-08,AMR Accelerator programme Pillar B: Tuberculosis drug development network to accelerate and validate scientific discoveries and advance the R&D pipeline of new and innovative agents to address the global tuberculosis epidemic,en
704047,SESAR-IR-VLD-WAVE2-03-2019,PJ.02 W2 Airport airside and runway throughput,en
704247,SESAR-IR-VLD-WAVE2-12-2019,PJ.14 W2 Integrated CNSS,en
704048,SESAR-IR-VLD-WAVE2-15-2019,"VLD.02 W2 Airport Surface Management, Airport Safety Nets and ATSAW",en
704141,BBI.2018.SO2.R6,Apply emerging breakthrough technologies to improve existing value chains,en
703177,INFRAEOSC-01-2018,Access to commercial services through the EOSC hub,en
703243,LC-SC3-EE-6-2018-2019-2020,Business case for industrial waste heat/cold recovery,en
703942,CS2-GAM-2018-FRC,Fast Rotorcraft,en
703169,CE-SC5-05-2018,Coordinated approaches to funding and promotion of research and innovation for the circular economy,en
703794,FETHPC-01-2018,International Cooperation on HPC,en
703972,JTI-CS2-2017-CfP07-SYS-03-13,Electro-Mechanical Brake actuation for Small Aircraft [SAT],en
703280,LC-SC3-CC-4-2018,Support to sectorial fora,en
703865,LC-GV-02-2018,Virtual product development and production of all types of electrified vehicles and components,en
703414,JTI-CS2-2017-CfP07-ENG-01-24,Crowned spline surface treatment and modelling,en
703230,SwafS-22-2018,Mobilising Research Excellence in EU Outermost Regions (OR),en
703789,LC-MG-1-2-2018,"Sustainable multi-modal inter-urban transport, regional mobility and spatial planning.",en
703235,LC-SC3-EE-10-2018-2019-2020,Mainstreaming energy efficiency finance,en
703679,LC-BAT-4-2019,Advanced Redox Flow Batteries for stationary energy storage,en
703836,MIGRATION-05-2018-2020,Mapping and overcoming integration challenges for migrant children,en
702788,IMI2-2017-11-01,Exploitation of IMI project results,en
702807,IMI2-2017-12-01,"Development and validation of technology enabled, quantitative and sensitive measures of functional decline in people with early stage Alzheimerâs Disease (RADAR-AD)",en
701863,SwafS-11-2017,Science education outside the classroom,en
701901,ART-01-2017,ICT infrastructure to enable the transition towards road transport automation,en
703089,SC1-HCO-02-2018,Data integration and data-driven in-silico models for enabling personalised medicine - a European standardization framework,en
702991,ICT-35-2018,Fintech: Support to experimentation frameworks and regulatory compliance,en
702977,ICT-09-2019-2020,Robotics in Application Areas,en
702995,ICT-31-2018-2019,EU-US collaboration on NGI,en
702783,BBI.2017.S2,Identify opportunities for ICT to increase the efficiency of biomass supply chains for the bio-based industry,en
702002,LCE-18-2017,EGS in different geological conditions,en
701933,MG-2.1-2017,Innovations for energy efficiency and emission control in waterborne transport,en
702494,JTI-CS2-2017-CFP06-SYS-01-05,Solutions for voice interaction towards natural crew assistant,en
701973,WIDESPREAD-03-2017,ERA Chairs,en
702024,EE-18-2017,Energy efficiency of industrial parks through energy cooperation and mutualised energy services,en
702592,FCH-02-10-2017,Transportable FC gensets for temporary power supply in urban applications,en
702052,BG-04-2017,"Multi-use of the oceans marine space, offshore and near-shore: Enabling technologies",en
701842,DS-06-2017,Cybersecurity PPP: Cryptography,en
701937,MG-7-3-2017,The Port of the future,en
702274,JTI-CS2-2016-CFP04-ENG-01-12,Development of the investment casting process and weldability for high temperature capable superalloys,en
702162,IMI2-2015-07-05,A COMPREHENSIVE âPAEDIATRIC PRECLINICAL POC PLATFORMâ TO ENABLE CLINICAL MOLECULE DEVELOPMENT FOR CHILDREN WITH CANCER,en
702240,JTI-CS2-2016-CFP04-LPA-01-26,"Design, Build and Test Innovative Actuation Concepts for Separation Flow Control",en
700750,SESAR.IR-VLD.Wave1-22-2015,Integrated Airport Operations (incl. TBS),en
700511,S2R-OC-IP2-01-2015,Threat detection and profile protection definition for cyber-security assessment,en
700697,SESAR.IR-VLD.Wave1-17-2015,CNS,en
700681,COMPET-1-2016,Technologies for European non-dependence and competitiveness,en
700622,SESAR.IR-VLD.Wave1-12-2015,Enhanced Arrivals and Departures,en
700243,EE-10-2016,Supporting accelerated and cost-effective deep renovation of buildings through Public Private Partnership (EeB PPP),en
700424,REV-INEQUAL-03-2016,Dynamics of inequalities across the life-course,en
700397,ICT-02-2016,"Thin, Organic and Large Area Electronics",en
700393,SESAR.IR-VLD.Wave1-27-2015,Initial Trajectory Information Sharing,en
665288,SPACE,SPACE,en
702412,FCH-04-3-2017,European Higher Training Network in Fuel Cells and Hydrogen,en
669214,ECSEL-14-2015,Smart production,en
666160,GV-6-2015,Powertrain control for heavy-duty vehicles with optimised emission,en
700059,GV-02-2016,Technologies for low emission light duty powertrains,en
669083,JTI-CS2-2014-CFP01-LPA-03-02,Aircraft System Prognostic solutions integrated into an airline E2E maintenance operational context,en
664984,INT-08-2015,The European Union and the Eastern Partnership,en
665195,PHC-24-2015,Piloting personalised medicine in health and care systems,en
665096,FCT-01-2015,"Forensics topic 1: Tools and infrastructure for the extraction, fusion, exchange and analysis of big data including cyber-offenses generated data for forensic investigation",en
664546,MSCA-IF-2014-EF,Marie SkÅodowska-Curie Individual Fellowships (IF-EF),en
665051,FoF-12-2015,Industrial technologies for advanced joining and assembly processes for multi-materials,en
664706,EE-14-2015,Removing market barriers to the uptake of efficient heating and cooling solutions,en
664585,SC5-11a-2014,Mining of small and complex deposits and alternative mining,en
665049,FoF-10-2015,Manufacturing of custom made parts for personalised products,en
665017,NMP-17-2014,Post-lithium ion batteries for electric automotive applications,en
704444,DT-SPACE-06-EO-2019,International Cooperation Copernicus â Designing EO downstream applications with international partners,en
704449,MIGRATION-08-2018,Addressing the challenge of forced displacement,en
704427,LC-SC3-ES-5-2018-2020,"TSO â DSO â Consumer: Large-scale demonstrations of innovative grid services through demand response, storage and small-scale (RES) generation",en
704290,IBA-SPACE-SRC-ELPROP-2019,Electric propulsion,en
704129,IMI2-2018-14-04,Centre Of Excellence â Remote Decentralised Clinical Trials,en
704282,S2R-OC-IP1-02-2019,"Tools, methodologies and technological development of next generation of Running Gear",en
704174,JTI-CS2-2018-CfP08-FRC-01-21,Development of integrated engine air intake and protection systems for Tilt Rotor,en
704283,S2R-OC-IP2-02-2019,Support to development of demonstrator platform for Traffic Management,en
704213,SC1-HCO-15-2019,Support for the functioning of the Global Research Collaboration for Infectious Disease Preparedness (GloPID-R),en
704100,H2020-EEN-GA4,H2020 ENTREPRISE EUROPE NETWORK GA4 2020-2021,en
704218,LC-MG-1-11-2019,Structuring R&I towards zero emission waterborne transport,en
703254,LC-SC3-RES-14-2019,Optimising manufacturing and system operation,en
703832,NFRP-2018-8,Radiation protection research,en
703242,LC-SC3-EE-5-2018-2019-2020,Next-generation of Energy Performance Assessment and Certification,en
704032,GEANT-2018-b,GÃANT Partnership projects (b),en
703246,LC-SC3-RES-1-2019-2020,Developing the next generation of renewable energy technologies,en
703060,LC-GV-05-2019,InCo flagship on âUrban mobility and sustainable electrification in large urban areas in developing and emerging economiesâ,en
703287,LC-SC3-ES-8-2019,European Islands Facility - Unlock financing for energy transitions and supporting islands to develop investment concepts,en
703697,GEANT-2018-a,GÃANT Partnership projects (a),en
703675,GOVERNANCE-17-2019,Democratic crisis? Resolving socio-economic and political challenges to reinvigorate democracies,en
702825,BG-05-2019,"Multi-use of the marine space, offshore and near-shore: pilot demonstrators",en
703113,SC1-HCC-02-2019,Support for the large scale uptake of open service platforms in the Active and Healthy Ageing domain,en
703690,IBA-MSCA-Romanian-Presidency-2018,Presidency conference(s),en
703733,JTI-CS2-2018-CFP09-AIR-02-74,Development of a multipurpose test rig and validation of an innovative rotorcraft vertical tail,en
703281,LC-SC3-CC-5-2018,"Research, innovation and educational capacities for energy transition",en
703077,SC1-BHC-15-2018,New anti-infective agents for prevention and/or treatment of neglected infectious diseases (NID),en
702947,CE-SPIRE-05-2019,Adaptation to variable feedstock through retrofitting (IA 50%),en
703031,MG-4-5-2019,An inclusive digitally interconnected transport system meeting citizens' needs,en
702852,RUR-16-2019,Fuelling the potential of advisors for innovation,en
665300,BBI.VC1.R1,Efficient pre-treatment of lignocellulosic feedstock to advanced bio-based chemicals and biomaterials,en
666531,BBI.VC3.F1,Added value products from underutilised agricultural resources,en
669135,JTI-CS2-2014-CFP01-ENG-02-01,Development of an all-oxide Ceramic Matrix Composite (CMC) Engine Part,en
665252,Europe,Europe,en
665467,REFLECTIVE-11-2015,Enabling Innovation - Creating Impact from Social Sciences and Humanities,en
664848,LCE-03-2015,Demonstration of renewable electricity and heating/cooling technologies,en
664753,BG-02-2015,Forecasting and anticipating effects of climate change on fisheries and aquaculture,en
664811,ICT-26-2014,Photonics KET,en
664694,EE-18-2014,"New technologies for utilization of heat recovery in large industrial systems, considering the whole energy cycle from heat production to transformation, delivery and end use",en
664896,MG-3.2-2014,Advanced bus concepts for increased efficiency,en
664892,MG-2.1-2014,IÂ²I â Intelligent Infrastructure,en
664631,INFRASUPP-6-2014,International cooperation for research infrastructures,en
665198,PHC-27-2015,Self-management of health and disease and patient empowerment supported by ICT,en
664770,ISIB-02-2014,Closing the research and innovation divide: the crucial role of innovation support services and knowledge exchange,en
664680,EE-01-2014,Manufacturing of prefabricated modules for renovation of building,en
664657,EO-1-2015,Bringing EO applications to the market,en
664965,REFLECTIVE-1-2014,ERA-NET on Uses of the past,en
665134,SEAC-1-2015,Innovative ways to make science education and scientific careers attractive to young people,en
665023,NMP-23-2015,Novel materials by design for substituting critical materials,en
704505,FCH-03-1-2018,Developing Fuel Cell applications for port/harbour ecosystems,en
704414,SU-DS05-2018-2019,"Digital security, privacy, data protection and accountability in critical sectors",en
704424,LC-SC3-RES-8-2019,Combining Renewable Technologies for a Renewable District Heating and/or Cooling System,en
704478,IMI2-2017-13-05,Support and coordination action for the projects of the Neurodegeneration area of the Innovative Medicines Initiative,en
704499,FCH-02-1-2018,Demonstration of a large-scale (min. 20MW) electrolyser for converting renewable energy to hydrogen,en
704441,NFRP-2018-4,Improved nuclear data for energy and non-energy modelling applications.,en
665741,SFS-17-2014,Innovative solutions for sustainable novel food processing,en
664915,MG-8.1a-2014,"Smarter design, construction and maintenance",en
664883,MG-1.1-2014,Competitiveness of European Aviation through cost efficiency and innovation,en
664757,BG-06-2014,Delivering the sub-sea technologies for new services at sea,en
703776,ICT-28-2018,Future Hyper-connected Sociality,en
701870,SwafS-06-2017,Engaging industry â Champions for RRI in Industrial Sectors,en
700662,SESAR.IR-VLD.Wave1-18-2015,Common Services,en
700192,EUJ-01-2016,5G â Next Generation Communication Networks,en
665243,BIOTEC-6-2015,Metagenomics as innovation driver,en
664970,REFLECTIVE-6-2015,Innovation ecosystems of digital cultural assets,en
665022,NMP-22-2015,Fibre-based materials for non-clothing applications,en
664716,WASTE-6b-2015,Eco-innovative strategies,en
664641,EO-1-2014,New ideas for Earth-relevant space applications,en
665077,DRS-06-2015,Crisis management topic 6: Addressing standardisation opportunities in support of increasing disaster resilience,en
665146,ISSI-3-2015,Knowledge Sharing Platform,en
665101,FCT-06-2015,Law Enforcement capabilities 2: Detection and analysis of terrorist-related content on the Internet,en
665129,DS-04-2015,Information driven Cyber Security Management,en
703725,JTI-CS2-2018-CFP09-FRC-01-27,Tilt Rotor Whirl Flutter experimental investigation and assessment,en
703386,JTI-CS2-2017-CfP07-AIR-01-32,Prototype Tooling for manufacturing composite stiffened panel for a business jet lower wing,en
703262,LC-SC3-EC-1-2018-2019-2020,The role of consumers in changing the market through informed decision and collective actions,en
703842,DT-TRANSFORMATIONS-11-2019,Collaborative approaches to cultural heritage for social cohesion,en
703540,BBI.2018.SO2.D3,Valorise sugars from the cellulosic and/or hemicellulosic fractions of lignocellulosic biomass,en
703831,DT-SPACE-09-BIZ-2019,Space hubs (support to start-ups),en
703681,LC-BAT-6-2019,Li-ion Cell Materials & Transport Modelling,en
703841,DT-TRANSFORMATIONS-07-2019,The impact of technological transformations on children and youth,en
703863,MG-4-1-2018,New regulatory frameworks to enable effective deployment of emerging technologies and business/operating models for all transport modes,en
703908,IBA-MSCA-Presidency-Conf-2017,Presidency conference(s),en
703843,TRANSFORMATIONS-04-2019-2020,Innovative approaches to urban and regional development through cultural tourism,en
703677,LC-BAT-2-2019,Strengthening EU materials technologies for non-automotive battery storage (RIA),en
703610,JTI-CS2-2018-CfP08-SYS-02-53,Development of an optimized DC-DC converter for a smart electrical system,en
703489,S2R-CFM-IP5-01-2018,"Technology demonstrators for competitive, intelligent rail freight operation",en
703467,IMI2-2017-13-08,Human Tumour Microenvironment Immunoprofiling,en
703106,SC1-BHC-21-2018,"Research on HIV, tuberculosis (TB) and/or hepatitis C (HCV) in patients with mono-, co-infections and/or comorbidities in the context of fostering collaboration with the Russian Federation",en
703208,SwafS-11-2019,Scenarios for an award/certification system for gender equality in research organisations and universities in Europe,en
703462,IMI2-2017-13-10,Improving the preclinical prediction of adverse effects of pharmaceuticals on the nervous system,en
703207,SwafS-10-2018,Analysing gender gaps and biases in the allocation of grants,en
703325,NFRP-2018-1,Safety assessments to improve accident management strategies for Generation II & III reactors,en
703289,CE-SC3-NZE-2-2018,Conversion of captured CO2,en
703626,IBA-ICT-NCP-2018,Fostering transnational cooperation between National Contact Points (NCP) in the area of ICT: follow-up project,en
703783,MG-3-2-2018,The Autonomous Ship,en
703284,LC-SC3-RES-17-2019,Demonstration of solutions based on renewable sources that provide flexibility to the energy system,en
703977,LC-SC3-RES-6-2018,Demonstrate significant cost reduction for Building Integrated PV (BIPV) solutions,en
703911,IBA-EURATOM-Ukraine-2018,Training and information programme following association of Ukraine in Euratom in 2016,en
703706,JTI-CS2-2018-CfP09-LPA-01-61,Fatigue life prediction on Inco 718 part subject to service induced damages,en
703792,LC-GV-01-2018,"Integrated, brand-independent architectures, components and systems for next generation electrified vehicles optimised for the infrastructure",en
703903,CE-SC5-07-2018-2019-2020,"Raw materials innovation for the circular economy: sustainable processing, reuse, recycling and recovery schemes",en
703976,SFS-33-2018,Support to the implementation of the EU-Africa Research and Innovation Partnership on Food and Nutrition Security & Sustainable Agriculture (FNSSA),en
703866,SC1-BHC-13-2019,Mining big data for early detection of infectious disease threats driven by climate change and other factors,en
702791,ALTFI-01-2017,Improving access by innovative SMEs to alternative forms of finance,en
701911,MSCA-COFUND-2017,"Co-funding of regional, national and international programmes",en
702734,IBA-SC3-SUSTAINABLE-ENERGY-2017,Support to the initiative on sustainable energy in the defence and security sector,en
702359,IMI2-2016-10-07,Patient perspectives in medicines lifecycle,en
702441,JTI-CS2-2017-CFP06-AIR-02-43,Low cost optical wave guides for damage detection including analysis and aircraft data transfer related to aircraft functional needs with self-testing connection,en
702086,SFS-08-2017,Organic inputs â contentious inputs in organic farming,en
703053,DT-ART-03-2019,Human centred design for the new driver role in highly automated vehicles,en
703015,ICT-27-2018-2020,Internet of Things,en
702882,SFS-06-2018-2020,Stepping up integrated pest management,en
702097,SFS-17-2017,Innovations in plant protection,en
702972,ICT-24-2018-2019,Next Generation Internet - An Open Internet Initiative,en
702998,EUK-01-2018,"Cloud, IoT and AI technologies",en
702079,SFS-39-2017,How to tackle the childhood obesity epidemic?,en
703057,DT-ART-02-2018,Support for networking activities and impact assessment for road automation,en
702063,RUR-12-2017,Networking European farms to boost thematic knowledge exchanges and close the innovation gap,en
702463,JTI-CS2-2017-CFP06-ENG-04-07,Advanced investigation of ultra compact RQL reverse flow combustor,en
702861,SFS-11-2018-2019,Anti-microbials and animal production,en
702067,BB-03-2017,Adaptive tree breeding strategies and tools for forest production systems resilient to climate change and natural disturbances,en
703039,FETPROACT-02-2018,Community building in Neuromorphic Computing Technologies,en
704096,S2R-CFM-CCA-01-2019,"Integrated mobility management (I2M), Energy and Noise & Vibration",en
704281,FCH-01-4-2019,"Towards a better understanding of charge, mass and heat transports in new generation PEMFC MEA for automotive applications",en
704144,BBI.2018.SO3.D5,Produce sustainable and cost-efficient high-performance functional ingredients from alternative sources,en
704089,S2R-OC-IPX-01-2019,Artificial Intelligence (A.I.) for the railway sector,en
704135,BBI.2018.SO4.S3,"Identify opportunities to promote careers, education and research activities in the European bio-based industry",en
704128,IMI2-2018-14-03,Development of a platform for federated and privacy-preserving machine learning in support of drug discovery,en
704093,S2R-CFM-IP3-01-2019,Intelligent asset management finalisation,en
704221,RUR-17-2019,Reinforcing the EU agricultural knowledge base,en
704217,RUR-20-2018,Digital solutions and e-tools to modernize the CAP,en
704286,S2R-CFM-IP1-01-2019,"Development of new technological concepts towards the next generation of rolling stock, applied to major subsystems such as Car body, Running Gear, Brakes, Doors, Modular interiors and HVAC",en
703454,JTI-CS2-2017-CfP07-LPA-01-43,Pulsating Heat Pipe (PHP) modelisation & characterisation,en
703437,JTI-CS2-2017-CfP07-SYS-02-37,Development of a new backup electronics unit for Smart Inceptor,en
703300,SPACE-EGNSS-4-2019,Awareness Raising and capacity building,en
703703,IBA-INFRA-NCP-2018,Fostering transnational cooperation between National Contact Points (NCP) in the area of Research Infrastructures: follow-up project,en
702358,IMI2-2016-10-05,Biomanufacturing 2020: Development of Innovative high throughput analytical tools and methods to characterize cell culture fluid during development and commercial cell culture processes,en
703253,LC-SC3-RES-12-2018,Demonstrate highly performant renewable technologies for combined heat and power (CHP) generation and their integration in the EU's energy system,en
702954,DT-ICT-13-2019,Digital Platforms/Pilots Horizontal Activities,en
702096,SFS-29-2017,Socio-eco-economics â socio-economics in ecological approaches,en
702930,CE-BIOTEC-05-2019,Microorganism communities for plastics bio-degradation (RIA),en
702869,CE-SFS-24-2019,Innovative and citizen-driven food system approaches in cities,en
702058,RUR-05-2017,"Novel public policies, business models and mechanisms for the sustainable supply of and payment for forest ecosystem services",en
703012,EUJ-01-2018,Advanced technologies (Security/Cloud/IoT/BigData) for a hyper-connected society in the context of Smart City,en
702937,LC-EEB-01-2019,Integration of energy smart materials in non-residential buildings (IA),en
702872,SFS-28-2018-2019-2020,Genetic resources and pre-breeding communities,en
702867,LC-SFS-20-2019,European Joint Programme on agricultural soil management,en
702057,RUR-03-2017,Towards 2030 - policies and decision support tools for an integrated approach to the management of land as a resource,en
702360,IMI2-2016-10-06,Unlocking the Solute Carrier Gene-Family for Effective New Therapies (Unlock SLCs),en
702377,SESAR-ER3-06-2016,"ATM Operations, Architecture, Performance and Validation",en
702222,IMI2-2016-09-04,NEXT GENERATION OF ELECTRONIC TRANSLATIONAL SAFETY â NEXGETS,en
702227,IMI2-2016-09-01,"ADDRESSING THE CLINICAL BURDEN OF CLOSTRIDIUM DIFFICILE INFECTION (CDI): EVALUATION OF THE BURDEN, CURRENT PRACTICES AND SET-UP OF A EUROPEAN RESEARCH PLATFORM  (PART OF THE IMI NEW DRUGS FOR BAD BUGS (ND4BB) PROGRAMME)",en
702085,SFS-13-2017,Validation of diagnostic tools for animal and plant health,en
702226,IMI2-2016-09-02,DEVELOPMENT OF IMMUNE TOLERANCE THERAPIES FOR THE TREATMENT OF RHEUMATIC DISEASES,en
702043,ICT-27-2017,"System abilities, SME & benchmarking actions, safety certification",en
702341,S2R-CFM-IP1-01-2017,"Development of new technological concepts towards the next generation of rolling stock, applied to major subsystems such as Carbody, Running Gear, Brakes, Doors and Modular interiors",en
701876,ENG-GLOBALLY-03-2017,The European Union and the global challenge of migration,en
701927,MG-8-5-2017,"Shifting paradigms: Exploring the dynamics of individual preferences, behaviours and lifestyles influencing travel and mobility choices",en
701875,ENG-GLOBALLY-02-2017,"Shifting global geopolitics and Europe's preparedness for managing risks, mitigation actions and fostering peace",en
702084,SFS-05-2017,Robotics Advances for Precision Farming,en
702333,S2R-CFM-IP5-01-2017,Real-time information applications and energy efficient solutions for rail freight,en
702330,S2R-CFM-IP3-01-2017,Smart system energy management solutions and future station solutions,en
701946,GV-07-2017,Multi-level modelling and testing of electric vehicles and their components,en
701817,COMPET-4-2017,Scientific data exploitation,en
702091,SFS-01-2016,Solutions to multiple and combined stresses in crop production,en
702245,JTI-CS2-2016-CFP04-LPA-01-28,Divergent Aircraft Configurations,en
701868,SwafS-08-2017,European Community of Practice to support institutional change,en
702004,LCE-22-2016,International Cooperation with Brazil on advanced lignocellulosic biofuels,en
700869,ENG-GLOBALLY-09-2016,Centres/Networks of European research and innovation,en
702014,EE-13-2016,Cost reduction of new Nearly Zero-Energy buildings,en
702422,IMI2-2015-05-02,Diabetic Kidney Disease Biomarkers (DKD-BM),en
702445,JTI-CS2-2017-CFP06-AIR-02-47,Part specific process optimization in SLM,en
701905,ART-05-2016,Road infrastructure to support the transition to automation and the coexistence of conventional and automated vehicles on the same network,en
701904,ART-04-2016,Safety and end-user acceptance aspects of road automation in the transition period,en
701819,COMPET-3-2017,High speed data chain,en
701798,NMBP-25-2017,Next generation system integrating tangible and intangible materials model components to support innovation in industry,en
702213,BBI-2016-D08,New sources of proteins for animal feed from co-products to address the EU protein gap,en
701852,SwafS-19-2016,Networking of National representatives and resources centres on Gender in R&I,en
702267,JTI-CS2-2016-CFP04-AIR-02-36,Development of prototype system based on Laser UT technology for high speed contactless no-couplant inspection of hybrid and thick composite structures,en
702286,JTI-CS2-2016-CFP04-SYS-02-27,Alternative recirculation filter for better cabin air quality,en
700505,SC5-11-2016,Supporting international cooperation activities on water,en
699981,JTI-CS2-2015-CFP02-ENG-03-02,Jet Noise Reduction Using Predictive Methods,en
700789,SESAR.IR-VLD.Wave1-07-2015,Total Airport Management,en
700561,SC5-16-2016-2017,Raw materials international co-operation,en
700288,S2R-CFM-CCA-02-2015,"Energy and sustainability, including noise and vibrations baselines assessment",en
700278,REV-INEQUAL-10-2016,Multi-stakeholder platform for enhancing youth digital opportunities,en
700300,JTI-CS2-2015-CFP02-SYS-02-09,ALGeSMo (Advanced Landing Gear Sensing & Monitoring ),en
700274,S2R-CFM-IP3-01-2016,Research into enhanced track and switch and crossing system,en
699974,JTI-CS2-2015-CFP02-AIR-02-15,"Design Against Distortion: Part distortion prediction, design for minimized distortion, carbon-epoxy aerospace parts",en
699990,MSCA-NIGHT-2016,European Researchers' Night,en
700399,ICT-24-2016,Gaming and gamification,en
699972,JTI-CS2-2015-CFP02-AIR-01-13,Complex (composite) part Ultrasonic inspection facilitated by man-robot collaboration,en
669151,JTI-CS2-2014-CFP01-ENG-04-04,Engine Installation Optimization,en
669165,JTI-CS2-2014-CFP01-SYS-02-07,Development of MODELICA libraries for ECS and thermal management architectures,en
665236,WATER-5c-2015,"Development of water supply and sanitation technology, systems and tools, and/or methodologies",en
702593,FCH-02-11-2017,Validation and demonstration of commercial-scale fuel cell core systems within a power range of 10-100kW for selected markets/applications,en
701890,MSCA-NCP-2017,MSCA National Contact Points,en
701947,INFRASUPP-02-2017,Policy and international cooperation measures for research infrastructures,en
669194,ECSEL-07-2015,Design Technology,en
669103,JTI-CS2-2014-CFP01-FRC-02-08,HVDC Network management,en
669049,IMI2-2015-03-01,Remote Assessment of Disease and Relapse - CNS,en
665456,MSCA-ITN-2015-EID,Marie SkÅodowska-Curie Innovative Training Networks (ITN-EID),en
666332,FCT-14-2014,Ethical/Societal Dimension Topic 2: Enhancing cooperation between law enforcement agencies and citizens - Community policing,en
669149,JTI-CS2-2014-CFP01-ENG-04-03,Alternative Architecture Engine research,en
665296,MSCA-COFUND-2014-FP,"Marie SkÅodowska-Curie Co-funding of regional, national and international programmes (COFUND-FP)",en
665278,ISIB-13-2015,Coordination action in support of the implementation by participating States of a Joint Programming Initiative on âA Healthy Diet for a Healthy Lifeâ,en
665015,NMP-15-2015,Materials innovations for optimisation of cooling in power plants,en
664702,EE-09-2015,Empowering stakeholders to assist public authorities in the definition and implementation of sustainable energy policies and measures,en
665004,NMP-04-2014,High-definition printing of multifunctional materials,en
664661,COMPET-01-2015,Technologies for European non-dependence and competitiveness,en
664713,EE-21-2015,Development and market roll-out of innovative energy services and financial schemes for sustainable energy,en
664633,INFRASUPP-8-2014,Network of National Contact Points,en
664655,COMPET-10-2014,Outreach through education,en
664891,MG-1.8-2015,International cooperation in aeronautics with Japan,en
664608,MSCA-ITN-2014-EJD,Marie SkÅodowska-Curie Innovative Training Networks (ITN-EJD),en
664821,ICT-36-2015,Pre-commercial procurement open to all areas of public interest requiring new ICT solutions,en
664853,LCE-07-2014,Distribution grid and retail market,en
664776,ISIB-06-2015,Converting CO2 into chemicals,en
664704,EE-11-2015,New ICT-based solutions for energy efficiency,en
665200,PHC-29-2015,Public procurement of innovative eHealth services,en
664755,BG-04-2014,Enhancing the industrial exploitation potential of marine-derived enzymes,en
665110,FCT-16-2015,"Ethical/Societal Dimension Topic 4 - Investigating the role of social, psychological and economic aspects of the processes that lead to organized crime (including cyber related offenses), and terrorist networks and their impact on social cohesion",en
665194,PHC-23-2014,"Developing and comparing new models for safe and efficient, prevention oriented health and care systems",en
665199,PHC-28-2015,Self management of health and disease and decision support systems based on predictive computer modelling used by the patient him or herself,en
665187,PHC-16-2015,Tools and technologies for advanced therapies,en
704511,JTI-CS2-2018-CFP08-THT-01,Innovative NOx Reduction Technologies,en
704502,FCH-02-6-2018,Cost-effective novel architectures of interconnects,en
704393,SwafS-04-2018,Encouraging the re-use of research data generated by publically funded research projects,en
704405,INNOSUP-09-2018,Design and development of a tool to support and improve the decision making process of investors for financing high-growth potential innovative SMES,en
704394,SwafS-08-2019-2020,Research innovation needs & skills training in PhD programmes,en
704448,MIGRATION-02-2018,"Towards forward-looking migration governance: addressing the challenges, assessing capacities and designing future strategies",en
704429,LC-SC3-ES-7-2018,"Pan-European Forum for R&I on Smart Grids, Flexibility and Local Energy Networks",en
704381,ICT-21-2018,EU-US Collaboration for advanced wireless platforms,en
704512,JTI-CS2-2018-CFP09-THT-03,Conceptual Design of a 19-passenger Commuter Aircraft with near zero emissions,en
704457,SU-DRS03-2018-2019-2020,Pre-normative research and demonstration for disaster-resilient societies,en
704491,FCH-01-3-2018,Strengthening of the European supply chain for compressed storage systems for transport applications,en
704435,LC-SC3-CC-2-2018,Modelling in support to the transition to a Low-Carbon Energy System in Europe,en
704438,SPACE-16-TEC-2018,Access to space,en
704428,LC-SC3-ES-2-2019,Solutions for increased regional cross-border cooperation in the transmission grid,en
665140,GERI-3-2015,Evaluation of initiatives to promote gender equality in research policy and research organisations,en
664963,YOUNG-4-2015,The young as a driver of social change,en
665073,DRS-02-2014,"Crisis management topic 2: Tools for detection, traceability, triage and individual monitoring of victims after a mass CBRNE contamination and/or exposure",en
665035,NMP-35-2014,Business models with new supply chains for sustainable customer-driven small series production,en
704148,BBI.2018.SO1.R1,"Resolve logistical, infrastructural and technological challenges to valorise residual and side streams from aquaculture, fisheries and the aquatic biomass processing industries",en
704094,S2R-CFM-IP2-01-2019,"Completion of activities for enhanced automation systems (including Freight ATO GoA4), train integrity, object controller (IP2 and IP5).",en
704279,FCH-04-2-2019,Refueling Protocols for Medium and Heavy-Duty Vehicles,en
704092,S2R-CFM-IP5-01-2019,"Smart, data-based assets and efficient rail freight operation",en
703115,SC1-HCC-01-2018,Supporting investment in smart living environments for ageing well through certification,en
703779,MG-2-3-2018,Airworthiness of mass-market drones,en
703496,FCH-01-2-2018,Demonstration of Fuel Cell applications for mid-size passenger ships or inland freight,en
703448,JTI-CS2-2017-CfP07-TE2-01-06,TE Technology diffusion model,en
703807,SC1-HCC-05-2018,Support to a Digital Health and Care Innovation initiative in the context of Digital Single Market strategy,en
703685,SC5-22-2019,Assessing and fostering the impacts of Research and Innovation Actions (RIA) and Innovation Actions (IA) granted by Societal Challenge 5 in 2014-2015,en
703096,SC1-HCO-13-2018,"Setting the priorities for a European environment, climate and health research agenda",en
701910,MG-4.2-2017,Supporting 'smart electric mobility' in cities,en
701925,MG-5-2-2017,Innovative ICT solutions for future logistics operations,en
702036,FETHPC-02-2017,Transition to Exascale Computing,en
701992,LCE-10-2017,Reducing the cost of PV electricity,en
702797,IMI2-2017-12-02,FAIRification of IMI and EFPIA data,en
702188,JTI-CS2-2016-CFP03-AIR-02-18,Prototype Tooling for subcomponents manufacturing for wing winglet,en
700853,LCE-03-2016,Support to R&I strategy for smart grid and storage,en
700872,JTI-CS2-2016-CFP03-AIR-02-17,Flexible Test Rig of Aircraft Control Surfaces powered by EMAs,en
700893,JTI-CS2-2016-CFP03-SYS-02-18,"Eco Design: Injection of thermoplastic reinforced with long fibers (carbon, glass, Kevlarâ¦) for scroll reinforcement",en
702423,IBA-SC1-BIOMEDICAL-2017,Grant to map the biomedical research projects funded by major funding organisations around the World,en
702029,SC1-HCO-09-2016,EU mHealth hub including evidence for the integration of mHealth in the healthcare systems,en
700856,FCH-04-2-2016,Identification of legal-administrative barriers for the installation and operation of key FCH technologies,en
700502,EO-1-2016,Downstream applications,en
700747,LCE-33-2016,European Common Research and Innovation Agendas (ECRIAs) in support of the implementation of the SET Action Plan,en
700834,JTI-CS2-2016-CFP03-ENG-01-07,Advanced mechatronics devices for electrical management system of Turboprop,en
700823,FCH-02-6-2016,Development of cost effective manufacturing technologies for key components or fuel cell systems for industrial applications,en
700316,S2R-CFM-IP5-01-2015,Development of functional requirements for sustainable and attractive European Rail Freight,en
700235,S2R-CFM-IP3-02-2016,Intelligent maintenance systems and strategies,en
700165,NMBP-27-2016,Promoting safe innovation through global consolidation and networking of nanosafety centres and strengthening the European industry through cooperation in nanosafety,en
700171,JTI-CS2-2015-CFP02-SYS-03-01,Electromechanical actuator for primary moveable surfaces of small aircraft with health monitoring,en
700112,BBI.VC1.D1-2015,Lignocellulosic feedstocks into chemical building blocks and high added value products,en
700640,COMPET-3-2016-a,SRC - In-Space electrical propulsion and station keeping - Incremental Technologies,en
700630,SESAR.IR-VLD.Wave1-23-2015,Network Collaborative Management,en
700576,RUR-11-2016,On-farm demonstrations: deepening farmer-to-farmer learning mechanisms,en
700371,LCE-24-2016,International Cooperation with South Korea on new generation high-efficiency capture processes,en
700365,REV-INEQUAL-04-2016,Intra-EU mobility and its impacts for social and economic systems,en
700254,S2R-CFM-IP5-03-2015,Freight Propulsion concepts,en
700439,SESAR.IR-VLD.Wave1-09-2015,Optimised Airspace Users Operations,en
665298,SILC-II-2014,Sustainable Industry Low Carbon II,en
665387,FCH-02.2-2014,Decentralized hydrogen production from clean CO2-containing biogas,en
665221,HCO-16-2014,National contact points,en
665043,FoF-04-2014,Developing smart factories that are attractive to workers,en
664781,ISIB-11-2014,"Coordination action in support of the implementation by participating States of a Joint Programming Initiative on Agriculture, Food Security and Climate Change",en
664971,REFLECTIVE-7-2014,Advanced 3D modelling for accessing and understanding European cultural assets,en
665028,NMP-28-2014,Assessment of environmental fate of nanomaterials,en
665008,NMP-08-2014,Scale-up of nanopharmaceuticals production,en
664914,MG-7.2a-2014,Towards seamless mobility addressing fragmentation in ITS deployment in Europe,en
664557,WASTE-3-2014,Recycling of raw materials from products and buildings,en
664787,ICT-02-2014,Smart System Integration,en
664664,COMPET-04-2015,Space exploration â Habitat management,en
665064,SPIRE-03-2014,Improved downstream processing of mixtures in process industries,en
664930,GV-5-2014,Electric two-wheelers and new ultra-light vehicle concepts,en
664929,GV-4-2014,Hybrid light and heavy duty vehicles,en
665163,FETPROACT-2-2014,"Knowing, doing, being: cognition beyond problem solving",en
664696,EE-20-2014,Project development assistance for innovative bankable and aggregated sustainable energy investment schemes and projects,en
664691,EE-14-2014,Removing market barriers to the uptake of efficient heating and cooling solutions,en
664575,SC5-03a-2014,Economic assessment of climate change,en
665191,PHC-20-2014,Advancing active and healthy ageing with ICT:  ICT solutions for independent living with cognitive impairment,en
664565,WATER-2a-2014,Water cycle under future climate,en
664690,EE-13-2014,Technology for district heating and cooling,en
700101,BBI.S1-2015,Standards and regulations,en
704439,SPACE-17-TEC-2019,Access to space,en
703931,JTI-CS2-2017-CfP07-AIR-01-31,Evaluation of the benefits of a laminar nacelle and a laminar HTTP installed on a bizjet configuration,en
704030,JTI-CS2-2018-CFP09-LPA-02-28,"Innovative tooling, end-effector development and industrialisation for welding of thermoplastic components",en
703812,LC-CLA-07-2019,"The changing cryosphere: uncertainties, risks and opportunities",en
703734,JTI-CS2-2018-CFP09-AIR-02-75,"Design Against Distortion: Part distortion prediction, design for minimized distortion, additive manufactured polymer aerospace parts",en
700873,JTI-CS2-2016-CFP03-AIR-02-19,"Prototype Tooling for Sub-Assembly, Final Assembly and Transport of the Morphing Winglet and Multifunctional Outer Flaps of the next generation optimized wing box.",en
702425,IMI2-2015-05-03,Inflammation and AD: modulating microglia function â focussing on TREM2 and CD33,en
700848,FCH-01-5-2016,Develop new complementary technologies for achieving competitive solutions for marine applications,en
701804,NMBP-07-2017,"Systems of materials characterisation for model, product and process optimisation",en
700596,S2R-OC-CCA-02-2015,"Energy usage, generation and saving approaches",en
700431,LCE-25-2016,Utilisation of captured CO2 as feedstock for the process industry,en
700620,SESAR.IR-VLD.Wave1-10-2015,Advanced Airspace Management,en
700298,MG-6.3-2016,"Roadmap, new business models, awareness raising, support and incentives for the roll-out of ITS",en
669085,JTI-CS2-2014-CFP01-LPA-03-03,Airline Maintenance Operations implementation of an E2E Maintenance Service Architecture and its enablers,en
701912,MG-4.3-2017,Innovative approaches for integrating urban nodes in the TEN-T core network corridors,en
664743,SFS-12-2014,Assessing the health risks of combined human exposure to multiple food-related toxic substances,en
701926,MG-5-4-2017,Potential of the Physical Internet,en
703369,IBA-SC3-IEA-2017-2,Contribution to the International Energy Agency (IEA),en
703981,JTI-CS2-2017-CfP07-ENG-02-08,Optimization of TiAl CALPHAD databases of respective material systems,en
703387,JTI-CS2-2017-CfP07-AIR-01-33,Flexible RTM tool concept for composites with spring back adjustments capabilities,en
702475,JTI-CS2-2017-CFP06-LPA-01-29,Modelling of installed jet noise for UHBR engine integration with forward flight effects,en
702495,JTI-CS2-2017-CFP06-SYS-01-04,Manufacturing process for ultimate performance inertial MEMS Accelerometer,en
702462,JTI-CS2-2017-CFP06-ENG-03-18,Development of capability to understand & predict sub-idle & idle behaviour of geared VHBR engines,en
702455,JTI-CS2-2017-CFP06-AIR-02-49,Development and validation of a self-adaptive system for automated assembly of major composite aerostructures,en
702457,JTI-CS2-2017-CFP06-ENG-01-22,Advanced Instrumented Engine cradle of the Turboprop demonstrator,en
702505,JTI-CS2-2017-CFP06-SYS-03-11,"Screening and development of optimized materials (wires, potting resins and impregnating varnishes) for high temperature coils",en
702117,NFRP-2,Research on safety of fast neutron Generation-IV reactors,en
700928,SwafS-20-2016,ERA Mobility and Career Day,en
702159,IMI2-2015-07-02,IDENTIFICATION OF DRUGGABLE TARGETS MODULATING MISFOLDED PROTEINS IN ALZHEIMERâS AND PARKINSONâS DISEASES,en
700835,JTI-CS2-2016-CFP03-LPA-02-11,Structural energy storage and power generation functionalities in multifunctional composite structures,en
700805,DS-03-2016,Increasing digital security of health related data on a systemic level,en
699962,FCH-02.6-2015,Development of cost effective manufacturing technologies for key components or fuel cell systems,en
700668,SESAR.IR-VLD.Wave1-08-2015,Remote Tower for Multiple Airports,en
700294,REV-INEQUAL-08-2016,Fighting inequalities through policies against tax fraud and tax evasion,en
700229,JTI-CS2-2015-CFP02-AIR-02-12,"System development for optical fiber sensing technology measurements for  industrial aeronautical contexts: composite manufacturing plants, structural test platforms and airborne conditions",en
700239,CULT-COOP-08-2016,"Virtual museums and social platform on European digital heritage, memory, identity and cultural interaction.",en
699968,FCH-03.2-2015,Hydrogen territories,en
669139,JTI-CS2-2014-CFP01-ENG-03-02,Advanced analytical tool for the understanding and the prediction of core noise for large civil aero engine with low emission core,en
704149,BBI.2018.SO1.D2,"Find solutions to dilution, pollution and content diversity challenges to turn mixed urban bio-waste (1) into sustainable feedstock for the bio-based industry",en
704158,JTI-CS2-2018-CfP08-AIR-01-37,Composite mould tool based on 3D printing,en
704134,SGA-LPMT-01-2018,Specific Grant Agreement European Low-Power Microprocessor Technologies 2018,en
704166,JTI-CS2-2018-CfP08-AIR-03-02,Non destructive testing (NDT) of bonded assemblies,en
703577,JTI-CS2-2018-CfP08-ENG-01-34,Airflow characterization through rotating labyrinth seal,en
703338,TRANSFORMATIONS-01-2018,Research for inclusive growth: addressing the socioeconomic effects of technological transformations,en
703802,SC1-HCO-10-2018,Coordinating European brain research and developing global initiatives,en
702781,BBI.2017.R7,Novel secondary bio-based chemicals without significant fossil-based counterparts but with high application potential,en
702094,SFS-28-2017,Functional biodiversity â productivity gains through functional biodiversity: effective interplay of crop pollinators and pest predators,en
702780,BBI.2017.R6,"Competitive biodegradable, compostable and/or recyclable bio-based plastics for a sustainable end-of-life phase",en
702066,RUR-16-2017,Optimising interactive innovation project approaches and the delivery of EU policies to speed up innovation in rural areas,en
702591,FCH-01-7-2017,Validation of Fuel Cell Trucks for the Collect of Urban Wastes,en
702314,ICT-40-2017,Reinforcing European presence in international ICT standardisation,en
702322,EUB-03-2017,5G Networks,en
701865,SwafS-07-2016,Training on Open Science in the European Research Area,en
700896,JTI-CS2-2016-CFP03-SYS-02-16,Optimization two phases cooling solution using micro pump brick,en
701811,BIOTEC-08-2017,Support for enhancing and demonstrating the impact of KET Biotechnology projects,en
701781,SEC-13-BES-2017,Next generation of information systems to support EU external policies,en
700008,SMEInst-03-2016-2017,Dedicated support to biotechnology SMEs closing the gap from lab to market,en
700745,NMBP-01-2016,Novel hybrid materials for heterogeneous catalysis,en
700405,MG-5.3-2016,"Promoting the deployment of green transport, towards Eco-labels for logistics",en
665223,INNOSUP-2-2014,IPR helpdesk,en
702599,FCH-04-1-2017,Limiting the impact of contaminants originating from the hydrogen supply chain,en
665303,BBI.VC2.R4,Fibres and polymers from lignin,en
702350,SGA-Space-Perfo-01-2017,Improving the Performances of the SST at European Level,en
702053,BG-06-2017,"Interaction between people, oceans and seas: a strategic approach towards healthcare and well-being",en
664926,GV-1-2014,Next generation of competitive Li-ion batteries to meet customer expectations,en
664773,ISIB-04a-2014,Improved forest data,en
664644,PROTEC-1-2014,Space Weather,en
664591,SC5-14-2014,Consolidating global knowledge on the green economy in support of sustainable development objectives in Europe and internationally,en
664804,ICT-19-2015,"Technologies for creative industries, social media and convergence",en
664739,SFS-10a-2014,Scientific basis and tools for preventing and mitigating parasitic diseases of European farmed fish,en
664642,EO-2-2014,Climate Change relevant space-based Data reprocessing and calibration,en
700838,JTI-CS2-2015-CFP02-FRC-01-01,Development and demonstration of materials and manufacturing process for ultra high reliability electric Anti-ice/De-ice thermal layers for high strain civil rotor blades and airframe sections of tiltrotor,en
669230,Sesar-07-2015,Separation Management and Separation Standards,en
700845,JTI-CS2-2016-CFP03-AIR-01-16,Design Guide Lines and Simulation Methods for Additive Manufactured Titanium Components,en
700563,SC5-05-2016,A 1.5 million year look into the past for improving climate predictions,en
669119,JTI-CS2-2014-CFP01-AIR-02-01,Flightworthy Flush & Lightweight doors for unpressurized Fast Rotorcraft,en
664822,ICT-37-2014,Open Disruptive Innovation Scheme (implemented through the SME instrument),en
664994,INSO-5-2015,Social innovation Community,en
705223,JTI-CS2-2020-CFP11-SYS-03-26,Replacement of cobalt in Environmental Control System bleed valves,en
705205,JTI-CS2-2020-CFP11-LPA-03-19,Concept for Pilot State Monitoring system operation in commercial aviation,en
705204,JTI-CS2-2020-CfP11-LPA-02-37,Thermoplastic fuselage repair process  integrated on manufacturing line,en
705207,JTI-CS2-2020-CFP11-REG-01-20,Aerodynamics experimental characterization and new experimental testing methodologies for distributed electrical propulsion,en
705210,JTI-CS2-2020-CFP11-AIR-01-47,Additive Manufacturing demonstration on test article for a trailing edge application with a sliding pad concept,en
705192,IBA-SC6-OECD-2020,Implementation of the OECD-European Commission administrative arrangement,en
705206,JTI-CS2-2020-CFP11-AIR-01-46,Evaluation of NDT Techniques for Assessment of Critical Process and Manufacturing Related Flaws and Defects for a Ti-alloy,en
705184,FCH-02-5-2020,Underground storage of renewable hydrogen in depleted gas fields and other geological stores,en
705208,JTI-CS2-2020-CFP11-AIR-03-11,Development and execution of new test methods for thermoset panel manufactured in an automated tape layup of dry unidirectional fibres (UD) or non-crimped fabrics (NCF) and subsequent infusion,en
705200,JTI-CS2-2020-CfP11-LPA-01-96,Analytical and experimental characterization of aerodynamic and aeroacoustic effects of closely operating propellers for distributed propulsion wing solutions.,en
705211,JTI-CS2-2020-CfP11-SYS-01-23,Development of a multi-position valve with associated actuator for cargo fire protection,en
705166,FCH-01-1-2020,Development of hydrogen tanks for electric vehicle architectures,en
705168,FCH-01-4-2020,Standard Sized FC module for Heavy Duty applications,en
705196,JTI-CS2-2020-CfP11-LPA-01-95,Passive Actuated Inlet for UHBR engine ventilation,en
705193,JTI-CS2-2020-CfP11-LPA-01-91,Development and validation of a method to predict non-linear aerodynamic characteristics of lifting surfaces with controls,en
705195,JTI-CS2-2020-CfP11-LPA-01-97,Insulation Monitoring for IT Grounded (Isolation Terra) Aerospace Electrical Systems,en
705186,FCH-04-3-2020,Development of eco-design guidelines for FCH products,en
705197,JTI-CS2-2020-CfP11-LPA-01-94,Installed UHBR Nacelle Off-Design Performance Characteristics.,en
705185,FCH-04-5-2020,Guidelines for Life Cycle Sustainability Assessment (LCSA) of fuel cell and hydrogen systems,en
705167,FCH-01-3-2020,Liquid Hydrogen on-board storage tanks,en
705217,JTI-CS2-2020-CfP11-TE2-01-12,Airport level assessments for fixed wing aircraft,en
705212,JTI-CS2-2020-CfP11-SYS-01-22,Oxygen Absorbing Metal-Air-Batteries for Long Term Cargo Compartment Inertisation,en
705214,JTI-CS2-2020-CFP11-AIR-03-10,Innovative light metallic and thermoplastic airframe section full scale testing,en
705216,JTI-CS2-2020-CFP11-SYS-02-64,Human Safe HVDC Interconnection components,en
705194,JTI-CS2-2020-CfP11-LPA-01-90,Automated thermography for inspection of welded safety critical engine components,en
705213,JTI-CS2-2020-CFP11-SYS-02-63,Decentralised HVDC power conversion module for innovative optimised aircraft electrical network distribution,en
705182,FCH-02-9-2020,Fuel cell for prime power in data-centres,en
705215,JTI-CS2-2020-CFP11-SYS-03-25,Investigation and modelling of hydrogen effusion in electrochemically plated ultra-high-strength-steels used for landing gear structures,en
705176,FCH-04-1-2020,Overcoming technical and administrative barriers to deployment of multi-fuel hydrogen refuelling stations (HRS),en
705179,FCH-02-6-2020,Electrolyser module for offshore production of renewable hydrogen,en
705187,FCH-04-2-2020,PNR on hydrogen-based fuels solutions for passenger ships,en
705181,FCH-02-4-2020,Flexi-fuel stationary SOFC,en
705173,FCH-01-7-2020,Extending the use cases for FC trains through innovative designs and streamlined administrative framework,en
705175,FCH-02-3-2020,Diagnostics and Control of SOE,en
705170,FCH-01-8-2020,Scale-up and demonstration of innovative hydrogen compressor technology for full-scale hydrogen refuelling station,en
705172,FCH-02-1-2020,Catalyst development for improved economic viability of LOHC technology,en
705180,FCH-02-8-2020,Demonstration of large-scale co-electrolysis for the Industrial Power-to-X market,en
705171,FCH-01-5-2020,Demonstration of FC Coaches for regional passenger transport,en
705165,FCH-01-2-2020,Durability-Lifetime of stacks for Heavy Duty trucks,en
705202,JTI-CS2-2020-CfP11-LPA-02-36,Large scale aircraft composite structures recycling [ECO],en
705190,JTI-CS2-2020-CfP11-LPA-01-89,Advanced characterization of friction and surface damage for gears running in loss of lubrication conditions,en
705188,FCH-04-4-2020,Development and validation of existing and novel recycling technologies for key FCH products,en
705199,JTI-CS2-2020-CfP11-LPA-01-93,Engine bleed jet pumps continuous behaviour modelization,en
705177,FCH-03-2-2020,Decarbonising islands using renewable energies and hydrogen - H2 Islands,en
705183,FCH-03-1-2020,HT proton conducting ceramic materials for highly efficient and flexible operation,en
705203,JTI-CS2-2020-CfP11-LPA-02-34,"Tooling, Equipment and Auxiliaries for the closure of a longitudinal Barrel Joint: Overlap joint and Frame Coupling integration",en
705209,JTI-CS2-2020-CFP11-SYS-02-62,Thermoplastic wheel for electrical Environmental Control System,en
705201,JTI-CS2-2020-CfP11-LPA-02-35,Innovative disbond arrest features for long thermoplastic welded joints,en
705198,JTI-CS2-2020-CfP11-LPA-02-33,"Tooling, Equipment and Auxiliaries for the closure of a longitudinal Barrel Joint: Butt strap integration and Lightning Strike Protection continuity",en
705178,FCH-02-7-2020,Cyclic testing of renewable hydrogen storage in a small salt cavern,en
705191,JTI-CS2-2020-CfP11-LPA-01-88,Development of New digital Microphone-MEMS-Sensors for wind tunnels with open/closed test sections and flight tests,en
705174,FCH-02-2-2020,Highly efficient hydrogen production using solid oxide electrolysis integrated with renewable heat and power,en
705169,FCH-01-6-2020,Demonstration of liquid hydrogen as a fuel for segments of the waterborne sector,en
703346,SU-GOVERNANCE-10-2019,Drivers and contexts of violent extremism in the broader MENA region and the Balkans,en
703796,SC1-BHC-09-2018,Innovation platforms for advanced therapies of the future,en
703032,MG-4-2-2018,Building Open Science platforms in transport research,en
702219,BBI-2016-F02,Converting bio-based feedstocks via chemical building blocks into advanced materials for market applications,en
700120,BBI.D7-2015,Overcoming low product yields from fermentation processes,en
700237,EE-17-2016-2017,Valorisation of waste heat in industrial systems (SPIRE PPP),en
664699,EE-05-2015,Increasing energy performance of existing buildings through process and organisation innovations and creating a market for deep renovation,en
664993,INSO-4-2015,Innovative schemes for open innovation and science 2.0,en
664095,ERC-PoC-2015,ERC Proof of Concept Grant,en
705149,S2R-OC-IP2-02-2020,Study on alternative bearers and on communication protocols,en
705155,ECSEL-2020-4-CSA,Digital Excellence,en
705133,IBA-MSCA-DE-Presidency-Conf-2020,Presidency conference,en
705148,S2R-OC-IP3-03-2020,Advanced tools and equipment: collaborative robots & wearable mobile machines (TD3.8),en
705152,S2R-OC-IP3-02-2020,Technology Development for Railway Systems Asset Management (TD3.6),en
705158,IBA-ARF-InnoWeek-2020,13. Innovative Enterprise Week 2020,en
705143,S2R-CFM-IP5-01-2020,Formulation of the freight train of the future,en
705144,S2R-CFM-IP4-01-2020,Enhancing IP4 Ecosystem,en
705156,ECSEL-2020-2-RIA,ECSEL-2020-2-RIA,en
705130,IMI2-2020-20-04,Tumour plasticity,en
705145,S2R-OC-IP1-03-2020,Innovative technologies for Carbodies and Running Gear of the future (TD1.3 + TD 1.4),en
705135,DEE-Prize-2020,Horizon Impact Award,en
705048,EuroHPC-06-2019,Advanced Experimental Platform Towards Exascale,en
705150,S2R-OC-IP4-01-2020,Supporting the implementation of the IP4 multi-modal transport ecosystem (iTD4.7),en
705139,S2R-OC-IP1-02-2020,Network and end-device equipment for the validation of the next generation of TCMS (TD1.2),en
705153,S2R-CFM-IPX-CCA-02-2020,Evolution of Railways System Architecture and Conceptual Data Model (CDM),en
705137,S2R-OC-IP1-01-2020,Support to Development of next generation of Traction systems (TD1.1),en
705136,S2R-CFM-IP1-01-2020,"Demonstrators for the next generation of traction systems, smart maintenance, virtual validation and eco-friendly HVAC, and Technical research on battery and hydrogen powered regional trains (BEMU/ HMU) (IP1/IP3)",en
705146,S2R-OC-IPX-01-2020,Innovation in guided transport,en
705131,IMI2-2020-20-05,Proton versus photon therapy for oesophageal cancer - a trimodality strategy,en
705154,S2R-OC-CCA-01-2020,Noise and Vibration (WA5),en
705151,S2R-OC-IP2-01-2020,"Modelling of the Moving Block system specification and future architecture (TD2.3) + RAIM algorithms, Assessment Report and support for Railway Minimum Operational Performance Standards (TD2.4)",en
705140,S2R-CFM-IPX-01-2020,Advanced Functions towards Autonomous Trains,en
705129,IMI2-2020-20-01,"Early diagnosis, prediction of radiographic outcomes and developmental of rational, personalised treatment strategies to improve long-term outcomes in Proriatric Arthritis",en
705147,S2R-OC-IP3-01-2020,Next Generation Track Transition Zones (TD3.4),en
705132,IMI2-2020-20-06,Handling of protein drug products and stability concerns,en
705127,IBA-SWFS-EUCYS-2020,EUCYS 2020,en
705138,S2R-CFM-IP2-01-2020,"Completion of activities for Adaptable Communication, Moving Block, Fail safe Train Localisation (including satellite), Zero on site Testing, Formal Methods and Cyber Security",en
705142,S2R-CFM-IP1-02-2020,Validation of new technologies for the TCMS,en
705128,IMI2-2020-20-02,Innovations to accelerate vaccine development vaccine development and manufacture,en
705157,ECSEL-2020-1-IA,ECSEL-IA,en
705141,S2R-CFM-IP3-01-2020,Research into optimised and future railway infrastructure,en
705126,IBA-SWFS-SCIENTIX-2020,SCIENTIX IV - Building and managing Science Education Community in Europe by promoting Inquiry-Based Science Education and other initiatives at national level,en
704277,FCH-02-5-2019,Systematic validation of the ability to inject hydrogen at various admixture level into high-pressure gas networks in operational conditions,en
704065,FCH-04-1-2019,Training of Responders,en
705134,ERC-2020-ADG,ERC ADVANCED GRANT,en
704074,FCH-02-6-2019,"New materials, architectures and manufacturing processes for Solid Oxide Cells",en
704273,FCH-04-3-2019,Hydrogen admixtures in natural gas domestic and commercial end uses,en
704070,FCH-02-3-2019,Continuous supply of green or low carbon H2 and CHP via Solid Oxide Cell based Polygeneration,en
704075,FCH-02-8-2019,Enhancement of durability and reliability of stationary PEM and SOFC systems by implementation and integration of advanced diagnostic and control tools,en
704050,SESAR-IR-VLD-WAVE2-05-2019,PJ.05 W2 Digital technologies for Tower,en
704091,S2R-CFM-IPX-CCA-01-2019,S2R System Architecture and Conceptual Data Model,en
704280,FCH-02-4-2019,New Anion Exchange Membrane Electrolysers,en
704046,IBA-INFRA-CONF-2019,International Conference on Research Infrastructures,en
704272,FCH-02-2-2019,Multi megawatt high-temperature electrolyser for valorisation as energy vector in energy intensive industry,en
704066,FCH-01-3-2019,Cyber-physical platform for hybrid Fuel Cell systems,en
704073,FCH-02-7-2019,Development of highly efficient and flexible mini CHP fuel cell system based on HTPEMFCs,en
703701,IBA-SC3-EERA-2018,Support to the coordination of national research and innovation programmes in the areas of activities of the European Energy Research Alliance (EERA),en
703275,LC-SC3-JA-1-2018,Joint programming actions to foster innovative energy solutions,en
703083,SC1-BHC-22-2019,Mental health in the workplace,en
665234,NMP-25-2015,"Accelerating the uptake of nanotechnologies, advanced materials or advanced manufacturing and processing technologies by SMEs",en
669129,JTI-CS2-2014-CFP01-AIR-02-06,Simulation tool development for a composite manufacturing process default prediction integrated into a quality control  system,en
664859,LCE-12-2014,Demonstrating advanced biofuel technologies,en
664873,LCE-22-2014,Fostering the network of National Contact Points,en
664688,EE-11-2014,New ICT-based solutions for energy efficiency,en
704090,S2R-OC-IPX-02-2019,Breaking language barriers,en
704284,S2R-OC-IP2-01-2019,Demonstrator development for the use of Formal Methods in railway environment and Support to implementation of CSIRT to the railway sector,en
704274,S2R-OC-IP1-01-2019,Advanced Car body shells for railways and light material and innovative doors and train modularity,en
704086,S2R-OC-IP5-02-2019,Advanced obstacle detection and track intrusion system for autonomous freight train,en
704084,S2R-OC-IP3-01-2019,Future traction power supply for railways and public transport,en
704087,S2R-OC-IP5-01-2019,Condition-based and preventive maintenance for locomotive bogie,en
704285,S2R-OC-CCA-01-2019,Noise & Vibration,en
704082,S2R-OC-IP4-01-2019,Complementary Travel Expert Services,en
703653,IMI2-2018-15-07,AMR Accelerator programme Pillar A: Capability Building Network to accelerate and validate scientific discoveries,en
664956,EURO-3-2014,European societies after the crisis,en
664864,LCE-15-2014,Enabling decarbonisation of the fossil fuel-based power sector and energy intensive industry through CCS,en
665063,SPIRE-02-2014,Adaptable industrial processes allowing the use of renewables as flexible feedstock for chemical and energy applications,en
705006,IBA-SWFS-ESOF-2019,The Euroscience Open Forum (ESOF) 2020,en
664903,MG-4.3-2015,System modelling and life-cycle cost optimisation for waterborne assets,en
704033,JTI-CS2-2018-CFP09-FRC-01-25,Smart Active Inceptors System definition for Tilt Rotor application,en
702847,LC-RUR-11-2019-2020,Sustainable wood value chains,en
669111,JTI-CS2-2014-CFP01-AIR-01-04,Aero-acoustic experimental characterization of a CROR (Contra Rotating Open Rotor) engine WT model with core flow in propellers architecture,en
664604,WIDESPREAD-2-2014,ERA Chairs,en
664761,BG-10-2014,Consolidating the economic sustainability and competitiveness of European fisheries and aquaculture sectors to reap the potential of seafood markets,en
702215,BBI-2016-S01,A roadmap for the chemical industry to a bioeconomy,en
700820,SC1-HCO-06-2016,Towards an ERA-NET for building sustainable and resilient health system models,en
665117,BES-06-2015,Border crossing points topic 2: Exploring new modalities in biometric-based border checks,en
704243,SESAR-IR-VLD-WAVE2-08-2019,PJ.01 W2 Enhanced Arrival and Departures,en
703753,JTI-CS2-2018-CfP09-LPA-01-58,BLI configurations of classical tube and wing aircraft architecture - Wind tunnel tests insight into propulsor inlet distortion and power saving,en
664717,SC5-10b-2014,"Structuring research on soil, land-use and land management in Europe",en
665126,DS-01-2014,Privacy,en
703724,JTI-CS2-2018-CFP09-FRC-01-26,"Design, manufacture and deliver a high performance, low cost, low weight Nacelle Structure for Next Generation TiltRotor (NGCTR) - Technology Demonstrator (TD)",en
703973,JTI-CS2-2017-CfP07-AIR-02-57,Tests and Modelling for reliability characterization and robustness of optoelectronic transceivers for optical SHM systems,en
703457,JTI-CS2-2017-CfP07-FRC-01-16,Full scale High speed aerodynamics characteristics of the Civil Tilt Rotor,en
703033,MG-4-3-2018,Demographic change and participation of women in transport,en
700547,SC1-HCO-14-2016,EU-US interoperability roadmap,en
700381,LCE-23-2016,International Cooperation with Mexico on geothermal energy,en
665178,PHC-09-2015,PHC 9 â 2015: Vaccine development for poverty-related and neglected infectious diseases: HIV/AIDS,en
702415,FCH-04-5-2017,Definition of Accelerated Stress Testing (AST) protocols deduced from understanding of degradation mechanisms of aged stack components in Fuel Cell systems,en
665021,NMP-21-2014,Materials-based solutions for protection or preservation of European cultural heritage,en
664724,SC5-13f-2015,Strategic international dialogues and cooperation with raw materials producing countries and industry,en
705105,IBA-SC6-GERMANPRESIDENCY-2020,Presidency events- Germany,en
703678,GOVERNANCE-18-2019,Innovation in government - building an agile and citizen-centric public sector,en
700870,ENG-GLOBALLY-08-2016-2017,EU-China cooperation on sustainable urbanisation,en
700755,NMBP-18-2016,Advanced materials enabling the integration of storage technologies in the electricity grid,en
700555,BB-06-2016,The regional dimension of bio-based industries,en
702729,BB-07-2017,Plant Molecular Factory,en
700233,JTI-CS2-2015-CFP02-AIR-02-14,"Prototype Tooling for Sub-Assembly, Final Assembly and Transport of the Rotorless tail for the Compound RC.",en
700782,PILOTS-02-2016,Pilot Line Manufacturing of Nanostructured Antimicrobial Surfaces using Advanced Nanosurface Functionalization Technologies,en
665016,NMP-16-2015,"Extended in-service service of advanced functional materials in energy technologies (capture, conversion, storage and/or transmission of energy)",en
664681,EE-03-2014,Energy strategies and solutions for deep renovation of historic buildings,en
665045,FoF-06-2014,Symbiotic human-robot collaboration for safe and dynamic multimodal manufacturing systems,en
704377,LCE-35-2017,Joint Actions to foster innovative energy solutions in renewable energy technologies,en
665100,FCT-05-2014,Law enforcement capabilities topic 1: Develop novel monitoring systems and miniaturised sensors that improve Law Enforcement Agencies' evidence- gathering abilities,en
704163,JTI-CS2-2018-CfP08-AIR-02-65,Design of special welding head for FSW process with automatic adjustable pin and welding force control system [SAT],en
704155,IBA-DEE-NCP-2018,Fostering transnational cooperation between National Contact Points (NCP) in the area of quality standards and horizontal issues: follow-up project,en
703644,IBA-SC3-NCP-2018,Fostering transnational cooperation between National Contact Points (NCP) in the area of Energy: follow-up project,en
703321,NFRP-2018-2,Model development and safety assessments for Generation IV reactors,en
702340,S2R-OC-IP1-01-2017,Innovative materials & modular design for rolling stock applications,en
703050,LC-MG-1-4-2018,Hardening vehicle environmental protection systems against tampering,en
702809,IBA-SC6-ERALEARN-2017,Horizontal support to joint programming (ERA-LEARN 2020),en
702453,JTI-CS2-2017-CFP06-AIR-02-44,Adjustable high loaded rod,en
664974,REFLECTIVE-10-2014,Mobilising the network of National Contact Points in Societal Challenge 6,en
664818,ICT-33-2014,Trans-national co-operation among National Contact Points,en
701771,SEC-02-DRS-2016,Situational awareness systems to support civil protection preparation and operational decision making,en
704178,JTI-CS2-2018-CfP08-LPA-01-51,Design and manufacturing of a large-scale HLFC wing model for a transonic WTT,en
703742,JTI-CS2-2018-CfP09-SYS-01-12,Software engine for multi-criteria decision support in civil aircraft flight management,en
703602,JTI-CS2-2018-CfP08-REG-03-01,Laminar Flow robustness and Load control effectiveness evaluation for a Regional Turboprop wing,en
703218,SwafS-17-2019,Consolidating and expanding the knowledge base on citizen science,en
703979,JTI-CS2-2017-CfP07-AIR-01-30,Finalize and improve the manufacturing of the model of a laminar wing configuration bizjet (LSBJ),en
703349,SU-GOVERNANCE-11-2018,Extreme ideologies and polarisation,en
703562,JTI-CS2-2018-CfP08-AIR-01-38,Innovative test rig for the investigation of gust loads in transonic flow conditions,en
702034,FETHPC-03-2017,Exascale HPC ecosystem development,en
702224,IMI2-2016-09-06,JOINT INFLUENZA VACCINE EFFECTIVENESS STUDIES,en
702331,S2R-CFM-IP2-01-2017,"Enhancing railway signalling systems thanks to applying satellite positioning; developing an on-board safe Train Integrity; applying formal methods approach and standardised interfaces, and enhancing Traffic Management System (TMS) functions",en
702434,JTI-CS2-2017-CFP06-AIR-01-25,Prediction of aerodynamic loads at high Reynolds Number,en
702275,JTI-CS2-2016-CFP04-ENG-01-13,High load gear and bearings materials,en
702003,LCE-15-2016,Scaling up in the ocean energy sector to arrays,en
700849,JTI-CS2-2016-CFP03-ENG-01-06,Very high loaded planet bearings enabling technologies,en
702499,JTI-CS2-2017-CFP06-SYS-02-32,Power module,en
700353,MG-3.1-2016,Addressing aviation safety challenges,en
700798,JTI-CS2-2015-CFP02-REG-02-02,Powered WT model design and manufacturing of the FTB2 aircraft configuration for aerodynamic tests in wind tunnel at low and high Reynolds number,en
700322,S2R-CFM-IP2-01-2015,Start-up activities for advanced signalling and automation system,en
669141,JTI-CS2-2014-CFP01-ENG-03-03,VHBR Engine - Advanced bearing technology,en
665124,BES-13-2015,Conflict prevention and peace building topic 2: Training curricula for Conflict Prevention and Peace Building personnel,en
704509,JTI-CS2-2018-CFP09-THT-05,Advanced High Bypass Ratio Low-Speed Composite Fan Design and Validation,en
704496,S2R-CFM-IP3-01-2018,Research into optimized and future railway infrastructure,en
704367,S2R-CFM-IP2-01-2018,"Advanced Signalling, Automation and Communication System (IP2 and IP5)",en
704421,LC-SC3-EE-14-2018-2019-2020,Socio-economic research conceptualising and modelling energy efficiency and energy demand,en
704395,INFRAINNOV-02-2019,Network of research infrastructure Industrial Liaison and Contact Officers,en
665632,SC5-11b-2014,Flexible processing technologies,en
665205,PHC-34-2014,eHealth interoperability,en
703900,TRANSFORMATIONS-16-2019,Social platform on the impact assessment and the quality of interventions in European historical environment and cultural heritage sites,en
665019,NMP-19-2015,"Materials for severe operating conditions, including added-value functionalities",en
703354,DT-GOVERNANCE-13-2019,"Digitisation, Digital Single Market and European culture: new challenges for creativity, intellectual property rights and copyright",en
701929,MG-8-2-2017,"Big data in Transport: Research opportunities, challenges and limitations",en
702438,JTI-CS2-2017-CFP06-AIR-01-29,Optimisation of Friction Stir Welding (FSW) and Laser Beam Welding (LBW) for assembly of structural aircraft parts,en
704227,TRANSFORMATIONS-17-2019,Societal challenges and the arts,en
664928,GV-3-2014,Future natural gas powertrains and components for cars and vans,en
664796,ICT-11-2014,FIRE+ (Future Internet Research & Experimentation),en
703310,SU-SPACE-22-SEC-2019,Space Weather,en
700801,CBBA-01-2016,Awareness-raising and capacity-building for business angels and other early-stage investors,en
700602,S2R-OC-IP4-01-2016,"Interoperability Framework governance, ensuring its market uptake and sustainability",en
669137,JTI-CS2-2014-CFP01-ENG-03-01,Characterisation of Thermo-mechanical Fatigue Behaviour,en
669043,IMI2-2014-02-04,Deployment and compliance of vaccination regimens,en
669037,IMI2-2014-02-01,"Vaccine development Phase I, II, and III",en
665074,DRS-03-2015,Crisis management topic 3: Demonstration activity on large scale disasters and crisis management and resilience of EU external assets against major identified threats or causes of crisis,en
664842,ISIB-12e-2015,Sustainable livestock production,en
703486,S2R-OC-IP5-01-2018,Radio communication and simulation of train dynamics for Distributed Power within long trains,en
702735,CS2-GAM-2018-SAT,Small Air Transport Transverse Activity,en
704109,IBA-SPACE-SRC-SPROB-2019,Space robotics,en
704223,GOVERNANCE-19-2019,A European Social Catalyst Fund to scale up high performing social innovations in the provision of social services,en
702773,BBI.2017.F1,Integrated âzero wasteâ biorefinery utilising all fractions of the feedstock for production of chemicals and materials,en
703049,MG-4-4-2018-2019,Support for dissemination events in the field of Transport Research,en
701877,ENG-GLOBALLY-05-2017,The strategic potential of EU external trade policy,en
701778,SEC-09-FCT-2017,Toolkits integrating tools and techniques for forensic laboratories,en
701772,SEC-04-DRS-2017,Broadband communication systems,en
700827,FCH-02-1-2016,Establish testing protocols for electrolysers performing electricity grid services,en
700794,LCE-34-2016,Joint Actions towards the demonstration and validation of innovative energy solutions,en
700687,ICT-17-2016-2017,"Big data PPP: Support, industrial skills, benchmarking and evaluation",en
700187,BBI.VC3.R9-2015,Valorisation of aquatic biomass,en
699961,FCH-04.1-2015,Recycling and Dismantling Strategies for FCH Technologies,en
664765,BG-13-2014,Ocean literacy â Engaging with society â Social Innovation,en
665082,DRS-10-2015,Disaster Resilience & Climate Change topic 2: Natural Hazards: Towards risk reduction science and innovation plans at national and European level,en
699934,FCH-02.3-2015,Development of co-electrolysis using CO2 and water,en
704450,TRANSFORMATIONS-13-2019,Using big data approaches in research and innovation policy making,en
704484,IMI2-2017-13-15,Pilot programme on a Clinical Compound Bank for Repurposing: Rare/orphan diseases,en
665395,FCH-02.10-2014,Demonstrating the feasibility of central large scale electrolysers in providing grid services and hydrogen distribution and supply to multiple high value markets,en
664969,REFLECTIVE-5-2015,The cultural heritage of war in contemporary Europe,en
702776,BBI.2017.R2,Innovative technologies for the pre-treatment and separation of lignocellulosic feedstock and complex composition streams into valuable fractions while maintaining key characteristics,en
700551,LCE-32-2016,European Platform for energy-related Social Sciences and Humanities research,en
700328,SC5-12-2016,"Food systems and water resources for the development of inclusive, sustainable and healthy Euro-Mediterranean societies",en
665388,FCH-02.3-2014,Stationary fuel cell system diagnostics: development of online monitoring and diagnostics systems for reliable and durable fuel cell system operation,en
664747,SFS-15-2014,Proteins of the future,en
702987,ICT-30-2019-2020,"An empowering, inclusive Next Generation Internet",en
664898,MG-3.4-2014,Traffic safety analysis and integrated approach towards the safety of Vulnerable Road Users,en
664708,EE-16-2015,Organisational innovation to increase energy efficiency in industry,en
704224,LC-BAT-3-2019,Modelling and simulation for Redox Flow Battery development,en
702771,BBI.2017.D4,Innovative bio-based fertilising products to increase the sustainability of fertilising practices in agriculture,en
702897,NMBP-14-2018,Nanoinformatics: from materials models to predictive toxicology and ecotoxicology (RIA),en
702402,FCH-02-6-2017,Liquid organic hydrogen carrier,en
700740,NMBP-03-2016,Innovative and sustainable materials solutions for the substitution of critical raw materials in the electric power system,en
669089,JTI-CS2-2014-CFP01-FRC-02-01,"Support to the aerodynamic and aeroelastic analysis of a trimmed, complete compound R/C and related issues",en
665131,DS-06-2014,Risk management and assurance models,en
702447,JTI-CS2-2017-CFP06-AIR-02-50,Prototype Tooling for subcomponents manufacturing for fuselage.,en
702446,JTI-CS2-2017-CFP06-AIR-02-46,Auto testing technologies and more automated factories for Aircraft validation test process,en
665151,GARRI-2-2015,Responsible Research and Innovation in industrial context,en
705067,IBA-SC6-Near-2020,Centres/Networks of European research and innovation: follow-up of the NearUS action,en
705066,IBA-SC6-CEBRABIC-2020,Centres/Networks of European research and innovation: follow-up of the CEBRABIC action,en
705070,SWFS-Prize-2020,EU Prize for Women Innovators,en
705069,IBA-ERC-VPRES-SUP-20,Support to the Vice-Chairs,en
705068,IBA-SC6-ERICENA-2020,Centres/Networks of European research and innovation: follow-up of the ERICENA action,en
705050,Prize-Innovation-SOFT-2020,SOFT Innovation Prize,en
702021,EE-15-2017,Increasing capacities for actual implementation of energy efficiency measures in industry and services,en
701850,CO-CREATION-07-2017,"Towards a new growth strategy in Europe - Improved economic and social measurement, data and official statistics",en
700292,WIDESPREAD-02-2016,Support to JPI Urban Europe,en
664576,SC5-04-2015,Improving the air quality and reducing the carbon footprint of European cities,en
700124,LCE-36-2016-2017,Support to the energy stakeholders to contribute to the SET-Plan,en
664893,MG-2.2-2014,Smart Rail Services,en
702334,S2R-CFM-CCA-01-2017,Improving railway services for users and operators,en
702272,JTI-CS2-2016-CFP04-ENG-02-05,Substitution of Chromium(VI)-based substances for corrosion protection of Aluminum- and Magnesium alloys,en
700361,REV-INEQUAL-06-2016,Tackling inequalities at their roots: new policies for fairness in education from early age,en
700114,BBI.VC1.R3-2015,Bio-based functional molecules for coating and surface treatment,en
700407,SC1-HCO-15-2016,EU eHealth Interoperability conformity assessment,en
699931,BBI.VC2.F2,Valorisation of cellulose into new added value products,en
703670,IBA-LEIT-NMBP-Finnish-Presidency-2018,Presidency event (conference) in Finland: Sustainable Smart Manufacturing,en
703990,IBA-SC6-AUSTRIA-2018,Presidency events - Austria,en
703490,S2R-CFM-CCA-01-2018,Virtual certification & smart planning,en
700129,S2R-CFM-IP1-01-2016,Development of concepts towards the next generation of traction systems and management of wheel/rail adhesion,en
700127,S2R-CFM-IP1-02-2016,"Development of new technological concepts, standard specifications and architectures for train control and monitoring, with specific applications in train-to-ground communications and high safety electronic control of brakes",en
704482,S2R-CFM-IP1-02-2018,Implementing new technologies for the TCMS,en
665277,Health,Health,en
700200,S2R-CFM-CCA-01-2015,Start-up activities for System Platform Demonstrator Integrated Assessment and socio-economic effects,en
664885,MG-1.3-2014,Seamless air mobility,en
664734,SFS-07a-2014,Traditional resources for agricultural diversity and the food chain,en
665190,PHC-19-2014,Advancing active and healthy ageing with ICT: service robotics within assisted living environments,en
664980,INT-04-2015,The European Union's contribution to global development: in search of greater policy coherence,en
704037,JTI-CS2-2018-CfP09-SYS-01-11,Machine learning to detect Cyber intrusion and anomalies,en
703107,SC1-BHC-26-2018,HTA research to support evidence-based healthcare,en
703684,LC-BAT-7-2019,Network of Li-ion cell pilot lines,en
702318,SwafS-27-2017,Implementing a European Train-the-trainers initiative with regard to Ethics and Research Integrity,en
703022,MG-2-1-2018,Human Factors in Transport Safety,en
702902,NMBP-22-2018,Osteoarticular tissues regeneration (RIA),en
702799,IMI2-2017-12-06,Discovery and characterisation of blood-brain barrier targets and transport mechanisms for brain delivery of therapeutics to treat neurodegenerative & metabolic diseases,en
702772,BBI.2017.D5,Advanced bio-based fibres and materials for large-volume applications,en
702315,ICT-41-2017,Next Generation Internet,en
702007,LCE-29-2017,"CCS in industry, including Bio-CCS",en
701803,NMBP-31-2017,Presidency events,en
700850,FCH-02-4-2016,Co-generation of hydrogen and electricity with high-temperature fuel cells,en
702046,IMI2-2015-06-01,Development of Quantitative System Toxicology (QST) approaches to improve the understanding of the safety of new medicines,en
700515,SFS-09-2016,Spotlight on critical outbreak of pests: the case of Xylella fastidiosa,en
701953,INFRAINNOV-01-2017,Fostering co-innovation for future detection and imaging technologies,en
701861,SwafS-12-2017,Webs of Innovation Value Chains and Openings for RRI,en
699950,FCH-02.1-2015,Improved electrolysis for Off-grid Hydrogen production,en
704373,CE-SFS-39-2019,High-quality organic fertilisers from biogas digestate,en
700422,ICT-35-2016,Enabling responsible ICT-related research and innovation,en
702596,FCH-02-2-2017,Game changer High Temperature Steam Electrolysers,en
704385,SFS-12-2019,A vaccine against African swine fever,en
704503,FCH-04-1-2018,PNR for safety of hydrogen driven vehicles and transport through tunnels and similar confined spaces,en
704469,JTI-CS2-2017-CfP07-SYS-02-39,Development of a High Voltage Lithium Battery,en
701972,WIDESPREAD-04-2017,Teaming Phase 1,en
703806,SC1-DTH-10-2019-2020,Digital health and care services,en
703722,JTI-CS2-2018-CFP09-LPA-03-18,Safe emergency trajectory generator,en
702443,JTI-CS2-2017-CFP06-AIR-02-42,Lay-up tools for net-shape AFP-manufacturing of geometrically complex helicopter sideshell sandwich-panels,en
664692,EE-15-2014,Ensuring effective implementation of EU product efficiency legislation,en
665120,BES-09-2014,Supply Chain Security topic 2: Technologies for inspections of large volume freight,en
664687,EE-10-2014,Consumer engagement for sustainable energy,en
665203,PHC-32-2014,Advancing bioinformatics to meet biomedical and clinical needs,en
665005,NMP-05-2014,Industrial-scale production of nanomaterials for printing applications,en
704201,IBA-SC3-energy-2018,Support for a Member Statesâ concerted market surveillance action on EU product energy efficiency legislation,en
703505,FCH-02-7-2018,Efficient and cost-optimised biogas-based co-generation by high-temperature fuel cells,en
703501,FCH-02-3-2018,"Robust, efficient long term remote power supply",en
703255,LC-SC3-RES-13-2018,Demonstrate solutions that significantly reduce the cost of renewable power generation,en
702386,SESAR-VLD1-09-2016,Solutions for General Aviation and Rotorcraft,en
702119,NFRP-4,Research on the safety of small modular reactors,en
700904,JTI-CS2-2016-CFP03-FRC-01-10,Next Generation Fuel Storage System,en
700513,SESAR.IR-VLD.Wave1-03-2015,Validation and Demonstration Engineering,en
665207,HCO-02-2014,Joint programming: Co-ordination action for the joint programming initiative (JPI) 'more years better lives the challenges and opportunities of demographic change',en
704500,FCH-02-2-2018,Demonstration of large-scale steam electrolyser system in industrial market,en
704506,FCH-04-3-2018,Accelerated Stress Testing (AST) protocols for Solid Oxide Cells (SOC),en
704498,FCH-01-6-2018,Game changer fuel cell stack for automotive applications,en
701774,SEC-03-DRS-2016,Validation of biological toxins measurements after an incident: Development of tools and procedures for quality control,en
700828,FCH-02-5-2016,"Advanced monitoring, diagnostics and lifetime estimation for stationary SOFC stacks and modules",en
703506,FCH-02-8-2018,"Waste-stream based power balancing plants with high efficiency, high flexibility and power-to-X capability",en
703721,JTI-CS2-2018-CFP09-LPA-03-17,Audio Communication Manager for Disruptive Cockpit demonstrator,en
703711,JTI-CS2-2018-CfP09-LPA-01-66,"Shielding/High-lift composite thermoplastic flap manufacturing, tool design and manufacturing & process definition",en
704038,JTI-CS2-2018-CfP09-SYS-03-21,Aircraft wing architecture optimal assembly,en
704039,JTI-CS2-2018-CfP09-SYS-03-22,Virtual Testing Based Certification,en
704027,JTI-CS2-2018-CfP09-LPA-01-67,UHBR Installed Advanced Nacelle Optimisation and Evaluation Close Coupled to Wing,en
704028,JTI-CS2-2018-CfP09-LPA-01-68,Non-Intrusive Flow Field Measurement within a UHBR Intake,en
704026,JTI-CS2-2018-CfP09-LPA-01-63,Rear End Aerodynamic and Aeroelastic Studies,en
703272,LC-SC3-NZE-1-2018,Advanced CO2 capture technologies,en
703755,RUR-13-2018,Enabling the farm advisor community to prepare farmers for the digital age,en
703710,JTI-CS2-2018-CfP09-LPA-01-65,"Development of System pipework and Tooling for Sub-Assembly, Final-Assembly of the HLFC-wing Prototype",en
703707,JTI-CS2-2018-CfP09-LPA-01-62,Rear End Structural Test Program â Component & Subcomponent  tests,en
703750,JTI-CS2-2018-CfP09-SYS-03-20,"Demonstration and test of low-loss, high reliability, high speed, bearing-relief generators",en
703745,JTI-CS2-2018-CfP09-SYS-02-57,Complex cores for CFRP primary structural products manufactured with high pressure RTM,en
703744,JTI-CS2-2018-CfP09-SYS-01-13,Camera-based smart sensing system for cabin readiness,en
703743,JTI-CS2-2018-CfP09-SYS-01-14,Multi-Material Thermoplastic high pressure Nitrogen Tanks for Aircrafts,en
703715,JTI-CS2-2018-CfP09-LPA-01-70,Assessment of arc tracking hazards in high voltage aerospace systems,en
701993,LCE-11-2017,Near-to-market solutions for reducing the water consumption of CSP Plants,en
702238,JTI-CS2-2016-CFP04-LPA-01-25,Smart amplifier and a control box for fluidic actuators,en
664952,NFRP-14-2014,Regional initiative aiming at nuclear research and training capacity building,en
665154,GARRI-5-2014,Ethics in Research: Promoting Integrity,en
665150,GARRI-1-2014,Fostering RRI uptake in current research and innovations systems,en
664707,EE-15-2015,Ensuring effective implementation of EU product efficiency legislation,en
664742,SFS-11b-2015,Consolidating the environmental sustainability of European aquaculture,en
664627,INFRASUPP-2-2015,Innovative procurement pilot action in the field of scientific instrumentation,en
664617,EINFRA-1-2014,"Managing, preserving and computing with big research data",en
704025,JTI-CS2-2018-CfP09-LPA-01-64,Rear End Structural Test Program - Low level tests,en
703408,JTI-CS2-2017-CfP07-AIR-02-55,Thermal conductive coating providing self-limitation of heating power at a selected temperature level,en
702280,JTI-CS2-2016-CFP04-SYS-01-03,Very high brightness & compact full color display for next generation eyes-out cockpit products,en
700888,JTI-CS2-2016-CFP03-SYS-02-19,Eco Design: Composite functionalization: thermal and electrical conductivity,en
702279,JTI-CS2-2016-CFP04-ENG-04-06,Engine Control System,en
702050,IMI2-2015-06-02,"Establishing impact of RSV infection, resultant disease and public health approach to reducing the consequences",en
702173,IBA-Energy-EED-2016-2017,Concerted Action EED: support to Member States and participating countries for the implementation of the Energy Efficiency Directive,en
700784,PILOTS-01-2016,Pilot lines for manufacturing of materials with customized thermal/electrical conductivity properties,en
699932,FCH-01.5-2015,Develop technologies for achieving competitive solutions for APU transport applications based on existing technology,en
699984,JTI-CS2-2015-CFP02-LPA-01-07,"Design, test and manufacturing of robust fluidic actuators",en
700420,S2R-OC-IP5-01-2015,Freight Automation on lines and in yards,en
665095,DRS-22-2015,Ethical/Societal Dimension topic 3: Impact of climate change in third countries on Europe's security,en
665040,FoF-01-2014,Process optimisation of manufacturing assets,en
664695,EE-19-2014,Improving the financeability and attractiveness of sustainable energy investments,en
665094,DRS-21-2014,"Ethical/Societal Dimension topic 2: Better understanding the links between culture, risk perception and disaster management",en
665104,FCT-09-2015,Law Enfocement capabilities topic 5: Identity Management,en
665018,NMP-18-2014,Materials solutions for use in the creative industry sector,en
664899,MG-3.5a-2014,"Cooperative ITS for safe, congestion-free and sustainable mobility",en
664740,SFS-10b-2015,Scientific basis and tools for preventing and mitigating farmed mollusc diseases,en
705049,IBA-Energy-IEA-2019,Contribution to the IEA & Energy Transition Support,en
705047,ERC-2020-COG,ERC CONSOLIDATOR GRANTS,en
703752,JTI-CS2-2018-CfP09-TE2-01-09,Environmental regulations and policies,en
704035,JTI-CS2-2018-CFP09-AIR-02-69,Biphasic Heat Transport Integration for Efficient Heat Exchange within Composite materials Nacelle,en
703730,JTI-CS2-2018-CFP09-AIR-02-71,Model Manufacturing and Wind Tunnel Testing of High Lift System for SAT Aircraft,en
703704,JTI-CS2-2018-CfP09-LPA-01-60,Innovative low noise fan stator technologies for 2030+ powerplants,en
703726,JTI-CS2-2018-CFP09-AIR-01-40,Anticontamination Coatings and Cleaning Solutions for Laminar Wings,en
704031,JTI-CS2-2018-CFP09-LPA-03-16,Automated data collection and semi-supervised processing framework for deep learning,en
703751,JTI-CS2-2018-CfP09-TE2-01-08,Overall Air Transport System Vehicle Scenarios,en
703748,JTI-CS2-2018-CfP09-TE2-01-07,Alternative energy sources and novel propulsion technologies,en
703203,SwafS-06-2018,Science4Refugees,en
703938,INFRAEDI-03-2018,Support to the governance of High Performance Computing Infrastructures,en
703747,JTI-CS2-2018-CfP09-SYS-03-19,Flexible and Automated Manufacturing of wound components for high reliability,en
703732,JTI-CS2-2018-CFP09-AIR-02-73,Material modelling platform for generation of thermoplastic material allowable,en
703735,JTI-CS2-2018-CFP09-AIR-02-76,Cost analysis software platform for evaluating innovative manufacturing technology for SMART fuselage,en
703729,JTI-CS2-2018-CFP09-AIR-02-70,Development and application of an innovative methodology devoted for high temperature characterization of high efficient composite structures,en
703591,JTI-CS2-2018-CfP08-FRC-01-23,Experimental characterization and optimization of the RH and LH Engine intakes configuration of the next generation Tilt Rotor,en
703746,JTI-CS2-2018-CfP09-SYS-02-56,Additive Manufacturing Magnetic Motor,en
703736,JTI-CS2-2018-CFP09-AIR-03-06,Calibrating Ultrasonic Sensors for atmospheric corrosion.,en
703719,JTI-CS2-2018-CFP09-LPA-02-29,High performance gas expansion system for halon-free cargo hold fire suppression system.,en
703716,JTI-CS2-2018-CfP09-LPA-01-71,Innovative Nacelle cowl opening system,en
703705,JTI-CS2-2018-CfP09-LPA-01-59,Fan inlet advanced distortion simulator,en
701954,SC5-02-2017,Integrated European regional modelling and climate prediction system,en
702293,RPAS-03,Aircraft systems,en
702600,FCH-02-4-2017,Highly flexible electrolysers balancing the energy output inside the fence of a wind park,en
702291,RPAS-01,SESAR UTM Concept Definition,en
701805,NMBP-28-2017,"Framework and strategies for nanomaterial characterisation, classification, grouping and read-across for risk analysis",en
701862,SwafS-15-2016,Open Schooling and collaboration on science education,en
702160,IMI2-2015-07-03,PATHOLOGICAL NEURON-GLIA INTERACTIONS IN NEUROPATHIC PAIN,en
701814,COMPET-7-2017,Technology transfer and business generators,en
702073,SFS-21-2016-2017,Advancing basic biological knowledge and improving management tools for commercially important fish and other seafood species,en
702388,SESAR-VLD1-10-2016,Safe integration of drones,en
700099,FOF-01-2016,Novel hybrid approaches for additive and subtractive manufacturing machines,en
664788,ICT-03-2014,"Advanced Thin, Organic and Large Area Electronics (TOLAE) technologies",en
664856,LCE-10-2014,Next generation technologies for energy storage,en
665165,FETHPC-2-2014,HPC Ecosystem Development,en
704530,IBA-SC3-Support-2019,Support to the initiative on sustainable energy in the defence and security sector,en
